 bVersion, uLen, bReserved1, wTimeTick, stGps.stDate.year, stGps.stDate.month, stGps.stDate.day, stGps.stDate.reserved, stGps.stTime.hour, stGps.stTime.min, stGps.stTime.sec, stGps.stTime.reserved, stGps.fLatitude, stGps.fLongitude, stGps.uCourse, Drive Meter, wSystemState, bLDState, bLDWarning, uVDState, uSDATTT, bPDState, Front car distance, uPDTTT, bTSRDetectSpeed, bTSRSignType, bOSWarning, bAAState, uAATime, bEvent, uDSMState, bDSMWarning, bTASWarning, bSubPDState, bParking, bCarSignal, bCamearaState, uCarRPM, bBrakePressure, wYawRate, bAcceleration, bSuddenAcc, uSpeed, sAccBaseX, sAccBaseY, sAccBaseZ, sAccInputX, sAccInputY, sAccInputZ, bSDcard, bCamearaState, ODO meter, SAS,
2,96,0,2225,20,10,6,0,23,59,55,0,3733.499023,12650.547852,283,0,0,3,0,0,32768,0,0,0,0,0,0,0,0,0,0,0,0,0,1,2,1,0,0,0,10,0,92,0,0,0,61,1042,-93,0,1,0,0,
2,96,0,2234,20,10,6,0,23,59,57,0,3733.500488,12650.531250,280,0,0,1,0,0,32768,0,0,0,0,0,0,0,0,0,0,0,0,0,1,2,1,0,0,0,2,0,90,0,0,0,11,1002,-145,0,1,0,0,
2,96,0,2243,20,10,6,0,23,59,58,0,3733.500488,12650.512695,277,0,0,1,0,0,32768,0,0,0,0,0,0,0,0,0,0,0,0,0,1,2,1,0,0,0,250,0,86,0,0,0,5,1066,-155,0,1,0,0,
2,96,0,2252,20,10,6,0,23,59,58,0,3733.500488,12650.495117,274,0,0,3,0,0,32768,0,0,0,0,0,0,0,0,0,0,0,0,0,1,2,1,0,0,0,248,0,82,0,0,0,8,973,-147,0,1,0,0,
2,96,0,2261,20,10,7,0,0,0,0,0,3733.501221,12650.478516,274,0,0,3,0,0,32768,0,0,0,0,0,0,0,0,0,0,0,0,0,1,0,1,0,0,0,247,0,78,0,0,0,67,1012,-162,0,1,0,0,
2,96,0,2270,20,10,7,0,0,0,1,0,3733.501709,12650.462891,274,0,0,3,0,0,32768,0,0,0,0,0,0,0,0,0,0,0,0,0,1,0,1,0,0,0,248,0,74,0,0,0,43,1003,-184,0,1,0,0,
2,96,0,2279,20,10,7,0,0,0,1,0,3733.502930,12650.449219,276,0,0,3,0,0,32768,0,0,0,0,0,0,0,0,0,0,0,0,0,1,0,1,0,0,0,247,0,69,0,0,0,21,1018,-133,0,1,0,0,
2,96,0,2287,20,10,7,0,0,0,2,0,3733.503906,12650.435547,276,0,0,3,0,0,32768,0,0,0,0,0,0,0,0,0,0,0,0,0,1,0,1,0,0,0,247,0,65,0,0,0,29,1010,-132,0,1,0,0,
2,96,0,2298,20,10,7,0,0,0,4,0,3733.505127,12650.423828,277,0,0,3,0,0,32768,0,0,0,0,0,0,0,0,0,0,0,0,0,1,0,1,0,0,0,248,0,61,0,0,0,42,1029,-83,0,1,0,0,
2,96,0,2306,20,10,7,0,0,0,4,0,3733.506104,12650.412109,277,0,0,3,0,0,32768,0,0,0,0,0,0,0,0,0,0,0,0,0,1,0,1,0,0,0,251,0,60,0,0,0,62,994,-159,0,1,0,0,
2,96,0,2324,20,10,7,0,0,0,6,0,3733.508789,12650.391602,278,0,0,3,0,1,4000,0,70,0,0,0,0,0,0,0,0,0,0,0,1,0,1,0,0,0,248,0,52,0,0,0,42,996,-135,0,1,0,0,
2,96,0,2335,20,10,7,0,0,0,8,0,3733.509521,12650.381836,277,0,0,3,0,1,4000,0,53,0,0,0,0,0,0,0,0,0,0,0,1,1,1,0,0,0,247,0,47,0,0,0,67,1009,-217,0,1,0,0,
2,96,0,2335,20,10,7,0,0,0,8,0,3733.509521,12650.381836,277,0,0,3,0,1,4000,0,53,0,0,0,0,0,0,0,0,0,0,0,1,1,1,0,0,0,247,0,47,0,0,0,67,1009,-217,0,1,0,0,
2,96,0,2351,20,10,7,0,0,0,9,0,3733.511475,12650.365234,275,0,0,3,0,1,32768,0,21,0,0,0,0,0,0,0,0,0,0,0,1,1,1,0,0,0,243,0,34,0,0,0,48,1001,-200,0,1,0,0,
2,96,0,2351,20,10,7,0,0,0,9,0,3733.511475,12650.365234,275,0,0,3,0,1,32768,0,21,0,0,0,0,0,0,0,0,0,0,0,1,1,1,0,0,0,243,0,34,0,0,0,48,1001,-200,0,1,0,0,
2,96,0,2370,20,10,7,0,0,0,12,0,3733.511963,12650.351563,268,0,0,3,0,1,32768,0,5,0,0,0,0,0,0,0,0,0,0,0,1,1,1,0,0,0,239,0,17,0,0,0,63,1006,-275,0,1,0,0,
2,96,0,2379,20,10,7,0,0,0,13,0,3733.510742,12650.345703,261,0,0,3,0,1,32768,0,3,0,0,0,0,0,0,0,0,0,0,0,1,1,1,0,0,0,238,0,10,0,0,0,54,1008,-213,0,1,0,0,
2,96,0,2388,20,10,7,0,0,0,14,0,3733.510010,12650.341797,252,0,0,1,0,33,32768,0,2,0,0,0,0,0,0,0,0,1,0,0,1,1,1,0,0,0,239,0,2,0,0,0,53,1017,-15,0,1,0,0,
2,96,0,2397,20,10,7,0,0,0,14,0,3733.509766,12650.340820,244,0,0,1,0,1,32768,0,3,0,0,0,0,0,1,0,0,0,0,0,1,1,1,0,0,0,246,0,0,0,0,0,56,1010,-24,0,1,0,0,
2,96,0,2407,20,10,7,0,0,0,16,0,3733.510498,12650.341797,244,0,0,1,0,0,32768,0,3,0,0,0,0,0,1,0,0,0,0,0,1,1,1,0,0,0,254,0,0,0,0,0,53,1015,-25,0,1,0,0,
2,96,0,2416,20,10,7,0,0,0,17,0,3733.510986,12650.342773,244,0,0,1,0,0,32768,0,3,0,0,0,0,0,1,0,0,0,0,0,1,1,1,0,0,0,0,0,0,0,0,0,55,1011,-25,0,1,0,0,
2,96,0,2424,20,10,7,0,0,0,17,0,3733.511230,12650.343750,244,0,0,1,0,0,32768,0,3,0,0,0,0,0,1,0,0,0,0,0,1,1,1,0,0,0,0,0,0,0,0,0,56,1013,-24,0,1,0,0,
2,96,0,2434,20,10,7,0,0,0,18,0,3733.511230,12650.343750,244,0,0,1,0,0,32768,0,3,0,0,0,0,0,1,0,0,0,0,0,1,1,1,0,0,0,0,0,0,0,0,0,58,1013,-23,0,1,0,0,
2,96,0,2442,20,10,7,0,0,0,19,0,3733.511230,12650.343750,244,0,0,1,0,0,32768,0,3,0,0,0,0,0,1,0,0,0,0,0,1,1,1,0,0,0,0,0,0,0,0,0,56,1011,-22,0,1,0,0,
2,96,0,2451,20,10,7,0,0,0,20,0,3733.511230,12650.343750,244,0,0,1,0,0,32768,0,3,0,0,0,0,0,1,0,0,0,0,0,1,1,1,0,0,0,0,0,0,0,0,0,53,1013,-25,0,1,0,0,
2,96,0,2461,20,10,7,0,0,0,22,0,3733.511230,12650.343750,244,0,0,1,0,0,32768,0,3,0,0,0,0,0,1,0,0,0,0,0,1,1,1,0,0,0,0,0,0,0,0,0,56,1015,-24,0,1,0,0,
2,96,0,2471,20,10,7,0,0,0,23,0,3733.511230,12650.343750,244,0,0,1,0,0,32768,0,3,0,0,0,0,0,1,0,0,0,0,0,1,1,1,0,0,0,0,0,0,0,0,0,55,1012,-25,0,1,0,0,
2,96,0,2480,20,10,7,0,0,0,24,0,3733.511230,12650.343750,244,0,0,1,0,0,32768,0,3,0,0,0,0,0,1,0,0,0,0,0,1,1,1,0,0,0,0,0,0,0,0,0,56,1013,-23,0,1,0,0,
2,96,0,2488,20,10,7,0,0,0,24,0,3733.511230,12650.343750,244,0,0,1,0,0,32768,0,3,0,0,0,0,0,1,0,0,0,0,0,1,1,1,0,0,0,0,0,0,0,0,0,57,1013,-28,0,1,0,0,
2,96,0,2498,20,10,7,0,0,0,26,0,3733.511230,12650.343750,244,0,0,1,0,0,32768,0,3,0,0,0,0,0,1,0,0,0,0,0,1,1,1,0,0,0,0,0,0,0,0,0,57,1014,-24,0,1,0,0,
2,96,0,2506,20,10,7,0,0,0,26,0,3733.511230,12650.343750,244,0,0,1,0,0,32768,0,3,0,0,0,0,0,1,0,0,0,0,0,1,1,1,0,0,0,0,0,0,0,0,0,55,1014,-25,0,1,0,0,
2,96,0,2516,20,10,7,0,0,0,28,0,3733.511230,12650.343750,244,0,0,1,0,0,32768,0,3,0,0,0,0,0,1,0,0,0,0,0,1,1,1,0,0,0,0,0,0,0,0,0,55,1013,-24,0,1,0,0,
2,96,0,2524,20,10,7,0,0,0,28,0,3733.511230,12650.343750,244,0,0,1,0,0,32768,0,3,0,0,0,0,0,1,0,0,0,0,0,1,1,1,0,0,0,0,0,0,0,0,0,52,1012,-25,0,1,0,0,
2,96,0,2534,20,10,7,0,0,0,30,0,3733.511230,12650.343750,244,0,0,1,0,0,32768,0,3,0,0,0,0,0,1,0,0,0,0,0,1,1,1,0,0,0,0,0,0,0,0,0,56,1011,-26,0,1,0,0,
2,96,0,2542,20,10,7,0,0,0,30,0,3733.511230,12650.343750,244,0,0,1,0,0,32768,0,3,0,0,0,0,0,1,0,0,0,0,0,1,1,1,0,0,0,0,0,0,0,0,0,57,1013,-23,0,1,0,0,
2,96,0,2552,20,10,7,0,0,0,31,0,3733.511230,12650.343750,244,0,0,1,0,0,32768,0,3,0,0,0,0,0,1,0,0,0,0,0,1,1,1,0,0,0,0,0,0,0,0,0,54,1009,-22,0,1,0,0,
2,96,0,2560,20,10,7,0,0,0,32,0,3733.511230,12650.343750,244,0,0,1,0,0,32768,0,3,0,0,0,0,0,1,0,0,0,0,0,1,1,1,0,0,0,0,0,0,0,0,0,54,1012,-24,0,1,0,0,
2,96,0,2570,20,10,7,0,0,0,33,0,3733.511230,12650.343750,244,0,0,1,0,0,32768,0,3,0,0,0,0,0,1,0,0,0,0,0,1,1,1,0,0,0,0,0,0,0,0,0,57,1010,-24,0,1,0,0,
2,96,0,2579,20,10,7,0,0,0,34,0,3733.511230,12650.343750,244,0,0,1,0,0,32768,0,3,0,0,0,0,0,1,0,0,0,0,0,1,0,1,0,0,0,0,0,0,0,0,0,59,1012,-24,0,1,0,0,
2,96,0,2589,20,10,7,0,0,0,36,0,3733.511230,12650.343750,244,0,0,1,0,0,32768,0,3,0,0,0,0,0,1,0,0,0,0,0,1,0,1,0,0,0,0,0,0,0,0,0,55,1012,-24,0,1,0,0,
2,96,0,2598,20,10,7,0,0,0,37,0,3733.511230,12650.343750,244,0,0,1,0,0,32768,0,3,0,0,0,0,0,1,0,0,0,0,0,1,0,1,0,0,0,0,0,0,0,0,0,54,1013,-22,0,1,0,0,
2,96,0,2607,20,10,7,0,0,0,37,0,3733.511230,12650.343750,244,0,0,1,0,0,32768,0,3,0,0,0,0,0,1,0,0,0,0,0,1,0,1,0,0,0,0,0,0,0,0,0,54,1011,-22,0,1,0,0,
2,96,0,2616,20,10,7,0,0,0,38,0,3733.511230,12650.343750,244,0,0,1,0,0,32768,0,3,0,0,0,0,0,1,0,0,0,0,0,1,0,1,0,0,0,0,0,0,0,0,0,55,1012,-25,0,1,0,0,
2,96,0,2622,20,10,7,0,0,0,39,0,3733.511230,12650.343750,244,0,0,1,0,0,32768,0,3,0,0,0,0,0,1,0,0,0,0,0,1,0,1,0,0,0,0,0,0,0,0,0,54,1013,-23,0,1,0,0,
2,96,0,2634,20,10,7,0,0,0,41,0,3733.511230,12650.343750,244,0,0,1,0,0,32768,0,3,0,0,0,0,0,1,0,0,0,0,0,1,0,1,0,0,0,0,0,0,0,0,0,57,1009,-22,0,1,0,0,
2,96,0,2644,20,10,7,0,0,0,42,0,3733.511230,12650.343750,244,0,0,1,0,0,32768,0,3,0,0,0,0,0,1,0,0,0,0,0,1,0,1,0,0,0,0,0,0,0,0,0,56,1014,-25,0,1,0,0,
2,96,0,2651,20,10,7,0,0,0,42,0,3733.511230,12650.343750,244,0,0,1,0,0,32768,0,3,0,0,0,0,0,1,0,0,0,0,0,1,0,1,0,0,0,0,0,0,0,0,0,56,1012,-23,0,1,0,0,
2,96,0,2662,20,10,7,0,0,0,44,0,3733.511230,12650.343750,244,0,0,1,0,0,32768,0,3,0,0,0,0,0,1,0,0,0,0,0,1,0,1,0,0,0,0,0,0,0,0,0,56,1015,-25,0,1,0,0,
2,96,0,2670,20,10,7,0,0,0,44,0,3733.511230,12650.343750,244,0,0,1,0,0,32768,0,3,0,0,0,0,0,1,0,0,0,0,0,1,0,1,0,0,0,0,0,0,0,0,0,55,1011,-26,0,1,0,0,
2,96,0,2679,20,10,7,0,0,0,45,0,3733.511230,12650.343750,244,0,0,1,0,0,32768,0,3,0,0,0,0,0,1,0,0,0,0,0,1,0,1,0,0,0,0,0,0,0,0,0,56,1013,-24,0,1,0,0,
2,96,0,2688,20,10,7,0,0,0,47,0,3733.511230,12650.343750,244,0,0,1,0,0,32768,0,3,0,0,0,0,0,1,0,0,0,0,0,1,0,1,0,0,0,0,0,0,0,0,0,56,1013,-27,0,1,0,0,
2,96,0,2697,20,10,7,0,0,0,47,0,3733.511230,12650.343750,244,0,0,1,0,0,32768,0,3,0,0,0,0,0,1,0,0,0,0,0,1,0,1,0,0,0,0,0,0,0,0,0,55,1012,-25,0,1,0,0,
2,96,0,2707,20,10,7,0,0,0,49,0,3733.511230,12650.343750,244,0,0,1,0,0,32768,0,3,0,0,0,0,0,1,0,0,0,0,0,1,0,1,0,0,0,0,0,0,0,0,0,55,1015,-25,0,1,0,0,
2,96,0,2716,20,10,7,0,0,0,50,0,3733.511230,12650.343750,244,0,0,1,0,0,32768,0,3,0,0,0,0,0,1,0,0,0,0,0,1,0,1,0,0,0,0,0,0,0,0,0,58,1011,-24,0,1,0,0,
2,96,0,2725,20,10,7,0,0,0,51,0,3733.511230,12650.343750,244,0,0,1,0,0,32768,0,3,0,0,0,0,0,1,0,0,0,0,0,1,0,1,0,0,0,0,0,0,0,0,0,54,1013,-25,0,1,0,0,
2,96,0,2743,20,10,7,0,0,0,53,0,3733.511230,12650.343750,244,0,0,1,0,0,32768,0,3,0,0,0,0,0,1,0,0,0,0,0,1,0,1,0,0,0,0,0,0,0,0,0,56,1010,-22,0,1,0,0,
2,96,0,2751,20,10,7,0,0,0,53,0,3733.511230,12650.343750,244,0,0,1,0,0,32768,0,3,0,0,0,0,0,1,0,0,0,0,0,1,0,1,0,0,0,0,0,0,0,0,0,57,1012,-23,0,1,0,0,
2,96,0,2751,20,10,7,0,0,0,53,0,3733.511230,12650.343750,244,0,0,1,0,0,32768,0,3,0,0,0,0,0,1,0,0,0,0,0,1,0,1,0,0,0,0,0,0,0,0,0,57,1012,-23,0,1,0,0,
2,96,0,2769,20,10,7,0,0,0,55,0,3733.511230,12650.343750,244,0,0,1,0,0,32768,0,3,0,0,0,0,0,1,0,0,0,0,0,1,0,1,0,0,0,0,0,0,0,0,0,60,1013,-24,0,1,0,0,
2,96,0,2769,20,10,7,0,0,0,55,0,3733.511230,12650.343750,244,0,0,1,0,0,32768,0,3,0,0,0,0,0,1,0,0,0,0,0,1,0,1,0,0,0,0,0,0,0,0,0,60,1013,-24,0,1,0,0,
2,96,0,2788,20,10,7,0,0,0,58,0,3733.511230,12650.343750,244,0,0,1,0,0,32768,0,3,0,0,0,0,0,1,0,0,0,0,0,1,0,1,0,0,0,0,0,0,0,0,0,59,1013,-21,0,1,0,0,
2,96,0,2798,20,10,7,0,0,0,59,0,3733.511230,12650.343750,244,0,0,1,0,0,32768,0,3,0,0,0,0,0,1,0,0,0,0,0,1,0,1,0,0,0,0,0,0,0,0,0,59,1013,-25,0,1,0,0,
2,96,0,2798,20,10,7,0,0,0,59,0,3733.511230,12650.343750,244,0,0,1,0,0,32768,0,3,0,0,0,0,0,1,0,0,0,0,0,1,0,1,0,0,0,0,0,0,0,0,0,59,1013,-25,0,1,0,0,
2,96,0,2815,20,10,7,0,0,1,0,0,3733.511230,12650.343750,244,0,0,1,0,0,32768,0,3,0,0,0,0,0,1,0,0,0,0,0,1,0,1,0,0,0,0,0,0,0,0,0,56,1012,-25,0,1,0,0,
2,96,0,2825,20,10,7,0,0,1,2,0,3733.511230,12650.343750,244,0,0,1,0,0,32768,0,3,0,0,0,0,0,1,0,0,0,0,0,1,0,1,0,0,0,0,0,0,0,0,0,56,1012,-25,0,1,0,0,
2,96,0,2834,20,10,7,0,0,1,3,0,3733.511230,12650.343750,244,0,0,1,0,0,32768,0,3,0,0,0,0,0,1,0,0,0,0,0,1,0,1,0,0,0,0,0,0,0,0,0,57,1011,-21,0,1,0,0,
2,96,0,2843,20,10,7,0,0,1,4,0,3733.511230,12650.343750,244,0,0,1,0,0,32768,0,3,0,0,0,0,0,1,0,0,0,0,0,1,0,1,0,0,0,0,0,0,0,0,0,57,1013,-26,0,1,0,0,
2,96,0,2851,20,10,7,0,0,1,4,0,3733.511230,12650.343750,244,0,0,1,0,0,32768,0,3,0,0,0,0,0,1,0,0,0,0,0,1,0,1,0,0,0,0,0,0,0,0,0,52,1013,-22,0,1,0,0,
2,96,0,2861,20,10,7,0,0,1,5,0,3733.511230,12650.343750,244,0,0,1,0,0,32768,0,3,0,0,0,0,0,1,0,0,0,0,0,1,0,1,0,0,0,0,0,0,0,0,0,53,1018,-25,0,1,0,0,
2,96,0,2870,20,10,7,0,0,1,6,0,3733.511230,12650.343750,244,0,0,1,0,0,32768,0,3,0,0,0,0,0,1,0,0,0,0,0,1,0,1,0,0,0,0,0,0,0,0,0,54,1012,-23,0,1,0,0,
2,96,0,2880,20,10,7,0,0,1,8,0,3733.511230,12650.343750,244,0,0,1,0,0,32768,0,3,0,0,0,0,0,1,0,0,0,0,0,1,0,1,0,0,0,0,0,0,0,0,0,56,1013,-25,0,1,0,0,
2,96,0,2887,20,10,7,0,0,1,8,0,3733.511230,12650.343750,244,0,0,1,0,0,32768,0,4,0,0,0,0,0,1,0,0,0,0,0,1,0,1,0,0,0,0,0,0,0,0,0,53,1012,-23,0,1,0,0,
2,96,0,2897,20,10,7,0,0,1,10,0,3733.511230,12650.343750,244,0,0,1,0,0,32768,0,4,0,0,0,0,0,1,0,0,0,0,0,1,0,1,0,0,0,0,0,0,0,0,0,55,1016,-23,0,1,0,0,
2,96,0,2906,20,10,7,0,0,1,10,0,3733.511230,12650.343750,244,0,0,1,0,0,32768,0,4,0,0,0,0,0,1,0,0,0,0,0,1,0,1,0,0,0,0,0,0,0,0,0,55,1012,-24,0,1,0,0,
2,96,0,2916,20,10,7,0,0,1,12,0,3733.511230,12650.343750,244,0,0,1,0,0,32768,0,4,0,0,0,0,0,1,0,0,0,0,0,1,0,1,0,0,0,0,0,0,0,0,0,55,1017,-23,0,1,0,0,
2,96,0,2925,20,10,7,0,0,1,13,0,3733.511230,12650.343750,244,0,0,1,0,0,32768,0,4,0,0,0,0,0,1,0,0,0,0,0,1,0,1,0,0,0,0,0,0,0,0,0,55,1010,-24,0,1,0,0,
2,96,0,2934,20,10,7,0,0,1,13,0,3733.511230,12650.343750,244,0,0,1,0,0,32768,0,4,0,0,0,0,0,1,0,0,0,0,0,1,0,1,0,0,0,0,0,0,0,0,0,57,1013,-25,0,1,0,0,
2,96,0,2944,20,10,7,0,0,1,15,0,3733.511230,12650.343750,244,0,0,1,0,0,32768,0,4,0,0,0,0,0,2,0,0,0,0,0,1,0,1,0,0,0,0,0,0,0,0,0,57,1014,-23,0,1,0,0,
2,96,0,2952,20,10,7,0,0,1,15,0,3733.511230,12650.343750,244,0,0,1,0,0,32768,0,4,0,0,0,0,0,2,0,0,0,0,0,1,0,1,0,0,0,0,0,0,0,0,0,57,1015,-23,0,1,0,0,
2,96,0,2961,20,10,7,0,0,1,16,0,3733.511230,12650.343750,244,0,0,1,0,0,32768,0,4,0,0,0,0,0,2,0,0,0,0,0,1,0,1,0,0,0,0,0,0,0,0,0,55,1012,-25,0,1,0,0,
2,96,0,2970,20,10,7,0,0,1,18,0,3733.511230,12650.343750,244,0,0,3,0,0,32768,0,4,0,0,0,0,0,2,0,0,0,0,0,1,0,1,0,0,0,0,0,0,0,0,0,58,1012,-24,0,1,0,0,
2,96,0,2979,20,10,7,0,0,1,18,0,3733.511230,12650.343750,244,0,0,1,0,0,32768,0,3,0,0,0,0,0,2,0,0,0,0,0,1,0,1,0,0,0,0,0,0,0,0,0,57,1014,-23,0,1,0,0,
2,96,0,2988,20,10,7,0,0,1,19,0,3733.511230,12650.343750,244,0,0,3,0,0,32768,0,4,0,0,0,0,0,2,0,0,0,0,0,1,0,1,0,0,0,0,0,0,0,0,0,56,1012,-25,0,1,0,0,
2,96,0,2997,20,10,7,0,0,1,20,0,3733.511230,12650.343750,244,0,0,1,0,0,32768,0,4,0,0,0,0,0,2,0,0,0,0,0,1,0,1,0,0,0,0,0,0,0,0,0,56,1008,-25,0,1,0,0,
2,96,0,3006,20,10,7,0,0,1,21,0,3733.511230,12650.343750,244,0,0,1,0,0,32768,0,4,0,0,0,0,0,2,0,0,0,0,0,1,0,1,0,0,0,0,0,0,0,0,0,56,1012,-25,0,1,0,0,
2,96,0,3015,20,10,7,0,0,1,22,0,3733.511230,12650.343750,244,0,0,1,0,0,32768,0,4,0,0,0,0,0,2,0,0,0,0,0,1,0,1,0,0,0,0,0,0,0,0,0,56,1012,-24,0,1,0,0,
2,96,0,3025,20,10,7,0,0,1,23,0,3733.511230,12650.343750,244,0,0,1,0,0,32768,0,3,0,0,0,0,0,2,0,0,0,0,0,1,0,1,0,0,0,0,0,0,0,0,0,56,1015,-23,0,1,0,0,
2,96,0,3033,20,10,7,0,0,1,24,0,3733.511230,12650.343750,244,0,0,1,0,0,32768,0,3,0,0,0,0,0,2,0,0,0,0,0,1,0,1,0,0,0,0,0,0,0,0,0,56,1013,-25,0,1,0,0,
2,96,0,3044,20,10,7,0,0,1,26,0,3733.511230,12650.343750,244,0,0,1,0,0,32768,0,4,0,0,0,0,0,2,0,0,0,0,0,1,0,1,0,0,0,0,0,0,0,0,0,55,1015,-25,0,1,0,0,
2,96,0,3051,20,10,7,0,0,1,26,0,3733.511230,12650.343750,244,0,0,1,0,0,32768,0,4,0,0,0,0,0,2,0,0,0,0,0,1,0,1,0,0,0,0,0,0,0,0,0,58,1012,-23,0,1,0,0,
2,96,0,3062,20,10,7,0,0,1,28,0,3733.511230,12650.343750,244,0,0,1,0,0,32768,0,4,0,0,0,0,0,2,0,0,0,0,0,1,0,1,0,0,0,0,0,0,0,0,0,57,1013,-24,0,1,0,0,
2,96,0,3070,20,10,7,0,0,1,29,0,3733.511230,12650.343750,244,0,0,1,0,0,32768,0,4,0,0,0,0,0,2,0,0,0,0,0,1,0,1,0,0,0,0,0,0,0,0,0,56,1014,-22,0,1,0,0,
2,96,0,3080,20,10,7,0,0,1,30,0,3733.511230,12650.343750,244,0,0,1,0,0,32768,0,3,0,0,0,0,0,2,0,0,0,0,0,1,0,1,0,0,0,0,0,0,0,0,0,56,1011,-26,0,1,0,0,
2,96,0,3088,20,10,7,0,0,1,31,0,3733.511230,12650.343750,244,0,0,1,0,0,32768,0,3,0,0,0,0,0,2,0,0,0,0,0,1,0,1,0,0,0,0,0,0,0,0,0,57,1010,-25,0,1,0,0,
2,96,0,3097,20,10,7,0,0,1,31,0,3733.511230,12650.343750,244,0,0,1,0,0,32768,0,3,0,0,0,0,0,2,0,0,0,0,0,1,0,1,0,0,0,0,0,0,0,0,0,56,1012,-25,0,1,0,0,
2,96,0,3107,20,10,7,0,0,1,32,0,3733.511230,12650.343750,244,0,0,1,0,0,32768,0,4,0,0,0,0,0,2,0,0,0,0,0,1,0,1,0,0,0,0,0,0,0,0,0,57,1011,-24,0,1,0,0,
2,96,0,3115,20,10,7,0,0,1,33,0,3733.511230,12650.343750,244,0,0,1,0,0,32768,0,4,0,0,0,0,0,2,0,0,0,0,0,1,0,1,0,0,0,0,0,0,0,0,0,55,1014,-23,0,1,0,0,
2,96,0,3124,20,10,7,0,0,1,34,0,3733.511230,12650.343750,244,0,0,3,0,0,32768,0,4,0,0,0,0,0,2,0,0,0,0,0,1,0,1,0,0,0,0,0,0,0,0,0,59,1015,-23,0,1,0,0,
2,96,0,3134,20,10,7,0,0,1,36,0,3733.511230,12650.343750,244,0,0,1,0,0,32768,0,4,0,0,0,0,0,2,0,0,0,0,0,1,0,1,0,0,0,0,0,0,0,0,0,58,1012,-21,0,1,0,0,
2,96,0,3143,20,10,7,0,0,1,36,0,3733.511230,12650.343750,244,0,0,1,0,0,32768,0,3,0,0,0,0,0,2,0,0,0,0,0,1,0,1,0,0,0,0,0,0,0,0,0,57,1012,-23,0,1,0,0,
2,96,0,3152,20,10,7,0,0,1,38,0,3733.511230,12650.343750,244,0,0,1,0,0,32768,0,4,0,0,0,0,0,2,0,0,0,0,0,1,0,1,0,0,0,0,0,0,0,0,0,56,1014,-23,0,1,0,0,
2,96,0,3162,20,10,7,0,0,1,39,0,3733.511230,12650.343750,244,0,0,1,0,0,32768,0,3,0,0,0,0,0,2,0,0,0,0,0,1,0,1,0,0,0,0,0,0,0,0,0,56,1013,-24,0,1,0,0,
2,96,0,3166,20,10,7,0,0,1,39,0,3733.511230,12650.343750,244,0,0,1,0,0,32768,0,4,0,0,0,0,0,2,0,0,0,0,0,1,0,1,0,0,0,0,0,0,0,0,0,56,1012,-24,0,1,0,0,
2,96,0,3188,20,10,7,0,0,1,42,0,3733.511230,12650.343750,244,0,0,1,0,0,32768,0,4,0,0,0,0,0,2,0,0,0,0,0,1,0,1,0,0,0,0,0,0,0,0,0,57,1014,-26,0,1,0,0,
2,96,0,3188,20,10,7,0,0,1,42,0,3733.511230,12650.343750,244,0,0,1,0,0,32768,0,4,0,0,0,0,0,2,0,0,0,0,0,1,0,1,0,0,0,0,0,0,0,0,0,57,1014,-26,0,1,0,0,
2,96,0,3207,20,10,7,0,0,1,44,0,3733.511230,12650.343750,244,0,0,1,0,0,32768,0,4,0,0,0,0,0,2,0,0,0,0,0,1,0,1,0,0,0,0,0,0,0,0,0,57,1012,-21,0,1,0,0,
2,96,0,3207,20,10,7,0,0,1,44,0,3733.511230,12650.343750,244,0,0,1,0,0,32768,0,4,0,0,0,0,0,2,0,0,0,0,0,1,0,1,0,0,0,0,0,0,0,0,0,57,1012,-21,0,1,0,0,
2,96,0,3216,20,10,7,0,0,1,44,0,3733.511230,12650.343750,244,0,0,1,0,0,32768,0,3,0,0,0,0,0,2,0,0,0,0,0,1,0,1,0,0,0,0,0,0,0,0,0,59,1013,-28,0,1,0,0,
2,96,0,3226,20,10,7,0,0,1,46,0,3733.511230,12650.343750,244,0,0,1,0,0,32768,0,4,0,0,0,0,0,2,0,0,0,0,0,1,0,1,0,0,0,0,0,0,0,0,0,56,1012,-25,0,1,0,0,
2,96,0,3234,20,10,7,0,0,1,47,0,3733.511230,12650.343750,244,0,0,1,0,0,32768,0,3,0,0,0,0,0,2,0,0,0,0,0,1,0,1,0,0,0,0,0,0,0,0,0,58,1015,-24,0,1,0,0,
2,96,0,3242,20,10,7,0,0,1,47,0,3733.511230,12650.343750,244,0,0,1,0,0,32768,0,3,0,0,0,0,0,2,0,0,0,0,0,1,0,1,0,0,0,0,0,0,0,0,0,56,1012,-22,0,1,0,0,
2,96,0,3261,20,10,7,0,0,1,49,0,3733.511230,12650.343750,244,0,0,1,0,0,32768,0,4,0,0,0,0,0,2,0,0,0,0,0,1,0,1,0,0,0,0,0,0,0,0,0,56,1015,-24,0,1,0,0,
2,96,0,3261,20,10,7,0,0,1,49,0,3733.511230,12650.343750,244,0,0,1,0,0,32768,0,4,0,0,0,0,0,2,0,0,0,0,0,1,0,1,0,0,0,0,0,0,0,0,0,56,1015,-24,0,1,0,0,
2,96,0,3278,20,10,7,0,0,1,51,0,3733.511230,12650.343750,244,0,0,3,0,0,32768,0,4,0,0,0,0,0,2,0,0,0,0,0,1,0,1,0,0,0,0,0,0,0,0,0,58,1012,-23,0,1,0,0,
2,96,0,3289,20,10,7,0,0,1,53,0,3733.511230,12650.343750,244,0,0,3,0,0,32768,0,4,0,0,0,0,0,2,0,0,0,0,0,1,0,1,0,0,0,0,0,0,0,0,0,56,1012,-25,0,1,0,0,
2,96,0,3289,20,10,7,0,0,1,53,0,3733.511230,12650.343750,244,0,0,3,0,0,32768,0,4,0,0,0,0,0,2,0,0,0,0,0,1,0,1,0,0,0,0,0,0,0,0,0,56,1012,-25,0,1,0,0,
2,96,0,3307,20,10,7,0,0,1,55,0,3733.511230,12650.343750,244,0,0,3,0,0,32768,0,5,0,0,0,0,0,2,0,0,0,0,0,1,0,1,0,0,0,0,0,0,0,0,0,54,1014,-23,0,1,0,0,
2,96,0,3307,20,10,7,0,0,1,55,0,3733.511230,12650.343750,244,0,0,3,0,0,32768,0,5,0,0,0,0,0,2,0,0,0,0,0,1,0,1,0,0,0,0,0,0,0,0,0,54,1014,-23,0,1,0,0,
2,96,0,3325,20,10,7,0,0,1,56,0,3733.511230,12650.343750,244,0,0,3,0,0,32768,0,7,0,0,0,0,0,2,0,0,0,0,0,1,0,1,0,0,0,0,0,0,0,0,0,55,1009,36,0,1,0,0,
2,96,0,3334,20,10,7,0,0,1,58,0,3733.511230,12650.343750,244,0,0,3,0,257,32768,0,8,0,0,0,0,0,2,0,0,0,0,0,1,0,1,0,0,0,0,0,0,0,0,0,63,1025,15,0,1,0,0,
2,96,0,3342,20,10,7,0,0,1,58,0,3733.511230,12650.343750,244,0,0,3,0,1,32768,0,8,0,0,0,0,0,2,0,0,0,0,0,1,0,1,0,0,0,4,0,4,0,0,0,67,1004,14,0,1,0,0,
2,96,0,3352,20,10,7,0,0,1,59,0,3733.511230,12650.343750,244,0,0,3,0,1,32768,0,8,0,0,0,0,0,2,0,0,0,0,0,1,0,1,0,0,0,6,0,6,0,0,0,61,1014,-5,0,1,0,0,
2,96,0,3361,20,10,7,0,0,2,0,0,3733.511230,12650.343750,244,0,0,3,0,1,32768,0,8,0,0,0,0,0,2,0,0,0,0,0,1,0,1,0,0,0,2,0,6,0,0,0,62,1016,-13,0,1,0,0,
2,96,0,3369,20,10,7,0,0,2,1,0,3733.511230,12650.343750,244,0,0,3,0,1,32768,0,10,0,0,0,0,0,2,0,0,0,0,0,1,0,1,0,0,0,1,0,7,0,0,0,64,1020,94,0,1,0,0,
2,96,0,3378,20,10,7,0,0,2,2,0,3733.514893,12650.346680,275,0,0,3,0,1,32768,0,13,0,0,0,0,0,2,0,0,0,0,0,1,0,1,0,0,0,4,0,10,0,0,0,55,1015,92,0,1,0,0,
2,96,0,3389,20,10,7,0,0,2,4,0,3733.515137,12650.345703,273,0,0,3,0,1,32768,0,16,0,0,0,0,0,2,0,0,0,0,0,1,0,1,0,0,0,9,0,16,0,0,0,84,1007,152,0,1,0,0,
2,96,0,3398,20,10,7,0,0,2,5,0,3733.515137,12650.343750,274,0,0,3,0,1,32768,0,18,0,0,0,0,0,2,0,0,0,0,0,1,0,1,0,0,0,11,0,21,0,0,0,40,1032,139,0,1,0,0,
2,96,0,3407,20,10,7,0,0,2,5,0,3733.515381,12650.341797,271,0,0,3,0,1,32768,0,18,0,0,0,0,0,2,0,0,0,0,0,1,0,1,0,0,0,12,0,27,0,0,0,43,1006,111,0,1,0,0,
2,96,0,3416,20,10,7,0,0,2,7,0,3733.515381,12650.337891,273,0,0,3,0,1,32768,0,18,0,0,0,0,0,2,0,0,0,0,0,1,2,1,0,0,0,11,0,32,0,0,0,56,1022,-80,0,1,0,0,
2,96,0,3425,20,10,7,0,0,2,7,0,3733.515869,12650.333008,275,0,0,3,0,1,32768,0,16,0,0,0,0,0,2,0,0,0,0,0,1,2,1,0,0,0,4,0,31,0,0,0,62,1014,-100,0,1,0,0,
2,96,0,3434,20,10,7,0,0,2,8,0,3733.516357,12650.328125,278,0,0,3,0,1,32768,0,14,0,0,0,0,0,2,0,0,0,0,0,1,2,1,0,0,0,253,0,29,0,0,0,65,999,-49,0,1,0,0,
2,96,0,3442,20,10,7,0,0,2,9,0,3733.516846,12650.322266,279,0,0,0,0,1,32768,0,12,0,0,0,0,0,2,0,0,0,0,0,1,2,1,0,0,0,252,0,27,0,0,0,104,1017,-76,0,1,0,0,
2,96,0,3452,20,10,7,0,0,2,11,0,3733.517334,12650.317383,278,0,0,0,0,1,32768,0,0,0,0,0,0,0,2,0,0,0,0,0,1,2,1,0,0,0,252,0,25,0,0,0,248,975,7,0,1,0,0,
2,96,0,3460,20,10,7,0,0,2,11,0,3733.517822,12650.312500,277,0,0,0,0,1,32768,0,0,0,0,0,0,0,2,0,0,0,0,0,1,2,1,0,0,0,254,0,25,0,0,0,229,980,21,0,1,0,0,
2,96,0,3470,20,10,7,0,0,2,12,0,3733.517822,12650.308594,269,0,0,0,0,0,32768,0,0,0,0,0,0,0,2,0,0,0,0,0,1,2,1,0,0,0,1,0,26,0,0,0,201,913,113,0,1,0,0,
2,96,0,3480,20,10,7,0,0,2,14,0,3733.516846,12650.303711,251,0,0,0,0,0,32768,0,0,0,0,0,0,0,2,0,0,0,0,0,1,2,1,0,0,0,3,0,28,0,0,0,181,1013,-11,0,1,0,0,
2,96,0,3489,20,10,7,0,0,2,15,0,3733.515137,12650.299805,233,0,0,0,0,0,32768,0,0,0,0,0,0,0,3,0,0,0,0,0,1,2,1,0,0,0,4,0,31,0,0,0,183,1010,-38,0,1,0,0,
2,96,0,3497,20,10,7,0,0,2,15,0,3733.512207,12650.295898,222,0,0,0,0,0,32768,0,0,0,0,0,0,0,3,0,0,0,0,0,1,2,1,0,0,0,4,0,32,0,0,0,158,1028,-49,0,1,0,0,
2,96,0,3507,20,10,7,0,0,2,17,0,3733.508789,12650.292969,216,0,0,0,0,0,32768,0,0,0,0,0,0,0,3,0,0,0,0,0,1,2,1,0,0,0,1,0,32,0,0,0,140,1014,17,0,1,0,0,
2,96,0,3516,20,10,7,0,0,2,18,0,3733.505371,12650.290039,208,0,0,3,0,1,32768,0,18,0,0,0,0,0,3,0,0,0,0,0,1,2,1,0,0,0,1,0,33,0,0,0,37,996,61,0,1,0,0,
2,96,0,3525,20,10,7,0,0,2,19,0,3733.501221,12650.287109,200,0,0,3,0,1,32768,0,18,0,0,0,0,0,3,0,0,0,0,0,1,6,1,0,0,0,2,0,34,0,0,0,38,1021,-95,0,1,0,0,
2,96,0,3535,20,10,7,0,0,2,20,0,3733.496826,12650.285156,196,0,0,11,0,1,32768,0,18,0,0,0,0,0,3,0,0,0,0,0,1,6,1,0,0,0,0,0,33,0,0,0,55,1005,-41,0,1,0,0,
2,96,0,3543,20,10,7,0,0,2,21,0,3733.492188,12650.284180,196,0,0,1,0,1,32768,0,18,0,0,0,0,0,3,0,0,0,0,0,1,4,1,0,0,0,254,0,32,0,0,0,35,1014,-22,0,1,0,0,
2,96,0,3551,20,10,7,0,0,2,21,0,3733.487793,12650.282227,197,0,0,1,0,1,32768,0,16,0,0,0,0,0,3,0,0,0,0,0,1,4,1,0,0,0,255,0,32,0,0,0,60,999,15,0,1,0,0,
2,96,0,3561,20,10,7,0,0,2,23,0,3733.483398,12650.280273,199,0,0,1,0,1,32768,0,16,0,0,0,0,0,3,0,0,0,0,0,1,4,1,0,0,0,1,0,33,0,0,0,54,982,-9,0,1,0,0,
2,96,0,3570,20,10,7,0,0,2,23,0,3733.479004,12650.279297,199,0,0,3,0,1,32768,0,16,0,0,0,0,0,3,0,0,0,0,0,1,4,1,0,0,0,1,0,33,0,0,0,64,1012,1,0,1,0,0,
2,96,0,3580,20,10,7,0,0,2,25,0,3733.474609,12650.277344,197,0,0,3,0,1,32768,0,15,0,0,0,0,0,3,0,0,0,0,0,1,0,1,0,0,0,0,0,33,0,0,0,78,1017,-47,0,1,0,0,
2,96,0,3588,20,10,7,0,0,2,25,0,3733.470215,12650.275391,195,0,0,3,0,1,32768,0,16,0,0,0,0,0,3,0,0,0,0,0,1,0,1,0,0,0,255,0,32,0,0,0,46,1034,-54,0,1,0,0,
2,96,0,3598,20,10,7,0,0,2,27,0,3733.465820,12650.273438,193,0,0,3,0,1,32768,0,17,0,0,0,0,0,3,0,0,0,0,0,1,0,1,0,0,0,255,0,32,0,0,0,25,993,-7,0,1,0,0,
2,96,0,3607,20,10,7,0,0,2,28,0,3733.461426,12650.272461,194,0,0,3,0,1,32768,0,17,0,0,0,0,0,3,0,0,0,0,0,1,0,1,0,0,0,0,0,32,0,0,0,41,1007,-30,0,1,0,0,
2,96,0,3615,20,10,7,0,0,2,29,0,3733.457275,12650.271484,194,0,0,3,0,1,32768,0,16,0,0,0,0,0,3,0,0,0,0,0,1,0,1,0,0,0,255,0,32,0,0,0,18,964,-29,0,1,0,0,
2,96,0,3626,20,10,7,0,0,2,30,0,3733.452881,12650.269531,195,0,0,3,0,1,32768,0,11,0,0,0,0,0,3,0,0,0,0,0,1,1,1,0,0,0,253,0,29,0,0,0,134,992,-91,0,1,0,0,
2,96,0,3635,20,10,7,0,0,2,31,0,3733.448486,12650.268555,194,0,0,3,0,1,32768,0,8,0,0,0,0,0,3,0,0,0,0,0,1,1,1,0,0,0,250,0,25,0,0,0,130,1037,-345,0,1,0,0,
2,96,0,3646,20,10,7,0,0,2,32,0,3733.444580,12650.267578,193,0,0,3,0,33,32768,0,4,0,0,0,0,0,3,0,0,1,0,0,1,1,1,0,0,0,238,2,12,0,0,0,49,992,-214,0,1,0,0,
2,96,0,3652,20,10,7,0,0,2,33,0,3733.441406,12650.266602,188,0,0,3,0,33,32768,0,3,0,0,0,0,0,3,0,0,1,0,0,1,1,1,0,0,0,239,2,8,0,0,0,65,1007,-151,0,1,0,0,
2,96,0,3661,20,10,7,0,0,2,33,0,3733.439697,12650.266602,192,0,0,2,0,1,32768,0,2,0,0,0,0,0,3,0,0,0,0,0,1,1,1,0,0,0,241,0,0,0,0,0,58,1010,-22,0,1,0,0,
2,96,0,3670,20,10,7,0,0,2,34,0,3733.438721,12650.266602,192,0,0,2,0,1,32768,0,3,0,0,0,0,0,3,0,0,0,0,0,1,1,1,0,0,0,248,0,0,0,0,0,56,1013,78,0,1,0,0,
2,96,0,3678,20,10,7,0,0,2,35,0,3733.438721,12650.266602,192,0,0,2,0,0,32768,0,4,0,0,0,0,0,3,0,0,0,0,0,1,1,1,0,0,0,0,0,0,0,0,0,65,1013,35,0,1,0,0,
2,96,0,3688,20,10,7,0,0,2,37,0,3733.438721,12650.265625,192,0,0,2,0,1,32768,0,7,0,0,0,0,0,3,0,0,0,0,0,1,1,1,0,0,0,4,0,4,0,0,0,72,1009,43,0,1,0,0,
2,96,0,3697,20,10,7,0,0,2,37,0,3733.438721,12650.265625,192,0,0,1,0,1,32768,0,10,0,0,0,0,0,3,0,0,0,0,0,1,0,1,0,0,0,5,0,5,0,0,0,51,1016,158,0,1,0,0,
2,96,0,3707,20,10,7,0,0,2,38,0,3733.438721,12650.266602,192,0,0,3,0,1,32768,0,15,0,0,0,0,0,3,0,0,0,0,0,1,4,1,0,0,0,6,0,10,0,0,0,66,1038,147,0,1,0,0,
2,96,0,3716,20,10,7,0,0,2,40,0,3733.437012,12650.264648,201,0,0,3,0,1,32768,0,18,0,0,0,0,0,3,0,0,0,0,0,1,4,1,0,0,0,11,0,17,0,0,0,50,986,2,0,1,0,0,
2,96,0,3724,20,10,7,0,0,2,40,0,3733.435303,12650.263672,198,0,0,3,0,1,32768,0,19,0,0,0,0,0,3,0,0,0,0,0,1,4,1,0,0,0,7,0,18,0,0,0,2,1028,20,0,1,0,0,
2,96,0,3733,20,10,7,0,0,2,41,0,3733.433350,12650.261719,195,0,0,3,0,1,32768,0,0,0,0,0,0,0,3,0,0,0,0,0,1,4,1,0,0,0,3,0,19,0,0,0,39,965,23,0,1,0,0,
2,96,0,3742,20,10,7,0,0,2,42,0,3733.430908,12650.260742,196,0,0,2,0,1,32768,0,0,0,0,0,0,0,3,0,0,0,0,0,1,4,1,0,0,0,2,0,20,0,0,0,63,1004,-3,0,1,0,0,
2,96,0,3761,20,10,7,0,0,2,44,0,3733.426270,12650.257813,202,0,0,2,0,1,32768,0,15,0,0,0,0,0,3,0,0,0,0,0,1,5,1,0,0,0,254,0,18,0,0,0,85,1010,-123,0,1,0,0,
2,96,0,3761,20,10,7,0,0,2,44,0,3733.426270,12650.257813,202,0,0,2,0,1,32768,0,15,0,0,0,0,0,3,0,0,0,0,0,1,5,1,0,0,0,254,0,18,0,0,0,85,1010,-123,0,1,0,0,
2,96,0,3770,20,10,7,0,0,2,46,0,3733.423828,12650.256836,201,0,0,3,0,1,32768,0,12,0,0,0,0,0,3,0,0,0,0,0,1,5,1,0,0,0,249,0,14,0,0,0,131,1002,-84,0,1,0,0,
2,96,0,3779,20,10,7,0,0,2,46,0,3733.422119,12650.255859,199,0,0,3,0,1,32768,0,11,0,0,0,0,0,3,0,0,0,0,0,1,5,1,0,0,0,249,0,11,0,0,0,15,993,-6,0,1,0,0,
2,96,0,3788,20,10,7,0,0,2,48,0,3733.420410,12650.255859,195,0,0,3,0,1,32768,0,12,0,0,0,0,0,3,0,0,0,0,0,1,4,1,0,0,0,251,0,9,0,0,0,59,999,-22,0,1,0,0,
2,96,0,3797,20,10,7,0,0,2,48,0,3733.418945,12650.254883,199,0,0,3,0,1,32768,0,12,0,0,0,0,0,3,0,0,0,0,0,1,4,1,0,0,0,255,0,10,0,0,0,70,1010,17,0,1,0,0,
2,96,0,3806,20,10,7,0,0,2,49,0,3733.417725,12650.254883,195,0,0,2,0,1,32768,0,13,0,0,0,0,0,3,0,0,0,0,0,1,4,1,0,0,0,2,0,12,0,0,0,67,1018,45,0,1,0,0,
2,96,0,3815,20,10,7,0,0,2,50,0,3733.416504,12650.254883,198,0,0,2,0,1,32768,0,14,0,0,0,0,0,3,0,0,0,0,0,1,4,1,0,0,0,3,0,13,0,0,0,95,1003,-52,0,1,0,0,
2,96,0,3826,20,10,7,0,0,2,52,0,3733.414795,12650.253906,197,0,0,2,0,1,32768,0,18,0,0,0,0,0,3,0,0,0,0,0,1,4,1,0,0,0,0,0,12,0,0,0,73,1031,15,0,1,0,0,
2,96,0,3842,20,10,7,0,0,2,53,0,3733.411865,12650.252930,194,0,0,2,0,0,32768,0,0,0,0,0,0,0,3,0,0,0,0,0,1,4,1,0,0,0,1,0,14,0,0,0,40,956,35,0,1,0,0,
2,96,0,3842,20,10,7,0,0,2,53,0,3733.411865,12650.252930,194,0,0,2,0,0,32768,0,0,0,0,0,0,0,3,0,0,0,0,0,1,4,1,0,0,0,1,0,14,0,0,0,40,956,35,0,1,0,0,
2,96,0,3860,20,10,7,0,0,2,55,0,3733.408447,12650.251953,195,0,0,2,0,1,32768,0,10,0,0,0,0,0,3,0,0,0,0,0,1,4,1,0,0,0,0,0,14,0,0,0,61,1017,66,0,1,0,0,
2,96,0,3860,20,10,7,0,0,2,55,0,3733.408447,12650.251953,195,0,0,2,0,1,32768,0,10,0,0,0,0,0,3,0,0,0,0,0,1,4,1,0,0,0,0,0,14,0,0,0,61,1017,66,0,1,0,0,
2,96,0,3879,20,10,7,0,0,2,58,0,3733.404541,12650.250977,193,0,0,0,0,1,32768,0,0,0,0,0,0,0,3,0,0,0,0,0,1,4,1,0,0,0,2,0,16,0,0,0,-45,1019,-18,0,1,0,0,
2,96,0,3887,20,10,7,0,0,2,58,0,3733.402344,12650.250977,189,0,0,0,0,0,32768,0,0,0,0,0,0,0,3,0,0,0,0,0,1,4,1,0,0,0,254,0,15,0,0,0,45,1027,8,0,1,0,0,
2,96,0,3887,20,10,7,0,0,2,58,0,3733.402344,12650.250977,189,0,0,0,0,0,32768,0,0,0,0,0,0,0,3,0,0,0,0,0,1,4,1,0,0,0,254,0,15,0,0,0,45,1027,8,0,1,0,0,
2,96,0,3906,20,10,7,0,0,3,0,0,3733.398438,12650.250000,197,0,0,0,0,0,32768,0,0,0,0,0,0,0,3,0,0,0,0,0,1,4,1,0,0,0,0,0,15,0,0,0,-202,1010,-60,0,1,0,0,
2,96,0,3914,20,10,7,0,0,3,1,0,3733.396484,12650.249023,212,0,0,0,0,0,32768,0,0,0,0,0,0,0,3,0,0,0,0,0,1,4,1,0,0,0,255,0,15,0,0,0,-89,1018,21,0,1,0,0,
2,96,0,3925,20,10,7,0,0,3,3,0,3733.395508,12650.247070,212,0,0,0,0,0,32768,0,0,0,0,0,0,0,3,0,0,0,0,0,1,4,1,0,0,0,1,0,16,0,0,0,84,1006,26,0,1,0,0,
2,96,0,3935,20,10,7,0,0,3,4,0,3733.395020,12650.244141,212,0,0,0,0,1,32768,0,20,0,0,0,0,0,3,0,0,0,0,0,1,4,1,0,0,0,3,0,18,0,0,0,28,1009,-2,0,1,0,0,
2,96,0,3944,20,10,7,0,0,3,5,0,3733.395508,12650.242188,280,0,0,0,0,1,32768,0,19,0,0,0,0,0,3,0,0,0,0,0,1,4,1,0,0,0,2,0,18,0,0,0,40,1012,-23,0,1,0,0,
2,96,0,3951,20,10,7,0,0,3,5,0,3733.395752,12650.240234,282,0,0,0,0,1,32768,0,17,0,0,0,0,0,3,0,0,0,0,0,1,0,1,0,0,0,0,0,18,0,0,0,7,1021,-57,0,1,0,0,
2,96,0,3960,20,10,7,0,0,3,6,0,3733.396484,12650.237305,284,0,0,0,0,1,32768,0,15,0,0,0,0,0,3,0,0,0,0,0,1,0,1,0,0,0,255,0,17,0,0,0,81,1002,-45,0,1,0,0,
2,96,0,3970,20,10,7,0,0,3,7,0,3733.397217,12650.234375,286,0,0,0,0,1,32768,0,13,0,0,0,0,0,3,0,0,0,0,0,1,0,1,0,0,0,253,0,15,0,0,0,5,1005,-63,0,1,0,0,
2,96,0,3979,20,10,7,0,0,3,8,0,3733.398193,12650.230469,280,0,0,0,0,1,32768,0,13,0,0,0,0,0,3,0,0,0,0,0,1,0,1,0,0,0,253,0,14,0,0,0,6,1014,32,0,1,0,0,
2,96,0,3989,20,10,7,0,0,3,10,0,3733.398682,12650.228516,284,0,0,0,0,1,32768,0,15,0,0,0,0,0,3,0,0,0,0,0,1,0,1,0,0,0,0,0,15,0,0,0,22,1000,86,0,1,0,0,
2,96,0,3997,20,10,7,0,0,3,11,0,3733.399414,12650.226563,285,0,0,0,0,1,32768,0,17,0,0,0,0,0,3,0,0,0,0,0,1,0,1,0,0,0,5,0,19,0,0,0,80,1016,-73,0,1,0,0,
2,96,0,4007,20,10,7,0,0,3,12,0,3733.399902,12650.224609,283,0,0,0,0,1,32768,0,0,0,0,0,0,0,3,0,0,0,0,0,1,2,1,0,0,0,4,0,19,0,0,0,116,1009,-77,0,1,0,0,
2,96,0,4016,20,10,7,0,0,3,13,0,3733.400635,12650.221680,284,0,0,0,0,1,32768,0,0,0,0,0,0,0,3,0,0,0,0,0,1,2,1,0,0,0,254,0,17,0,0,0,156,1009,-31,0,1,0,0,
2,96,0,4026,20,10,7,0,0,3,14,0,3733.400635,12650.218750,277,0,0,0,0,0,32768,0,0,0,0,0,0,0,3,0,0,0,0,0,1,2,1,0,0,0,252,0,15,0,0,0,88,1053,29,0,1,0,0,
2,96,0,4034,20,10,7,0,0,3,15,0,3733.400391,12650.215820,266,0,0,0,0,0,32768,0,0,0,0,0,0,0,4,0,0,0,0,0,1,2,1,0,0,0,0,0,17,0,0,0,161,989,16,0,1,0,0,
2,96,0,4042,20,10,7,0,0,3,15,0,3733.399902,12650.213867,247,0,0,1,0,0,32768,0,0,0,0,0,0,0,4,0,0,0,0,0,1,2,1,0,0,0,5,0,20,0,0,0,201,1007,29,0,1,0,0,
2,96,0,4051,20,10,7,0,0,3,16,0,3733.398682,12650.211914,232,0,0,0,0,0,32768,0,0,0,0,0,0,0,4,0,0,0,0,0,1,2,1,0,0,0,5,0,22,0,0,0,188,1026,34,0,1,0,0,
2,96,0,4062,20,10,7,0,0,3,18,0,3733.397217,12650.209961,218,0,0,2,0,1,32768,0,19,0,0,0,0,0,4,0,0,0,0,0,1,2,1,0,0,0,5,0,25,0,0,0,19,1009,45,0,1,0,0,
2,96,0,4070,20,10,7,0,0,3,18,0,3733.395020,12650.208984,202,0,0,0,0,1,32768,0,19,0,0,0,0,0,4,0,0,0,0,0,1,2,1,0,0,0,5,0,27,0,0,0,63,766,170,0,1,0,0,
2,96,0,4080,20,10,7,0,0,3,20,0,3733.392090,12650.208008,193,0,0,3,0,1,32768,0,0,0,0,0,0,0,4,0,0,0,0,0,1,2,1,0,0,0,3,0,28,0,0,0,62,978,-76,0,1,0,0,
2,96,0,4089,20,10,7,0,0,3,21,0,3733.388916,12650.207031,191,0,0,3,0,1,32768,0,0,0,0,0,0,0,4,0,0,0,0,0,1,0,1,0,0,0,2,0,29,0,0,0,69,1013,-28,0,1,0,0,
2,96,0,4098,20,10,7,0,0,3,22,0,3733.385254,12650.206055,189,0,0,3,0,0,32768,0,0,0,0,0,0,0,4,0,0,0,0,0,1,0,1,0,0,0,0,0,28,0,0,0,133,1001,-31,0,1,0,0,
2,96,0,4107,20,10,7,0,0,3,23,0,3733.381592,12650.205078,191,0,0,3,0,0,32768,0,0,0,0,0,0,0,4,0,0,0,0,0,1,0,1,0,0,0,254,0,27,0,0,0,50,985,-49,0,1,0,0,
2,96,0,4116,20,10,7,0,0,3,24,0,3733.377686,12650.204102,192,0,0,3,0,1,32768,0,32,0,0,0,0,0,4,0,0,0,0,0,1,0,1,0,0,0,254,0,26,0,0,0,98,1034,-94,0,1,0,0,
2,96,0,4126,20,10,7,0,0,3,25,0,3733.374023,12650.202148,198,0,0,3,0,1,32768,0,25,0,0,0,0,0,4,0,0,0,0,0,1,0,1,0,0,0,252,0,24,0,0,0,55,1017,-126,0,1,0,0,
2,96,0,4133,20,10,7,0,0,3,25,0,3733.370117,12650.200195,198,0,0,3,0,1,32768,0,23,0,0,0,0,0,4,0,0,0,0,0,1,0,1,0,0,0,251,0,21,0,0,0,56,986,-86,0,1,0,0,
2,96,0,4144,20,10,7,0,0,3,27,0,3733.366943,12650.198242,198,0,0,3,0,1,32768,0,0,0,0,0,0,0,4,0,0,0,0,0,1,0,1,0,0,0,250,0,18,0,0,0,74,1003,-62,0,1,0,0,
2,96,0,4153,20,10,7,0,0,3,28,0,3733.364014,12650.196289,200,0,0,3,0,1,32768,0,0,0,0,0,0,0,4,0,0,0,0,0,1,0,1,0,0,0,251,0,16,0,0,0,87,1019,-57,0,1,0,0,
2,96,0,4161,20,10,7,0,0,3,29,0,3733.361816,12650.194336,201,0,0,3,0,1,32768,0,0,0,0,0,0,0,4,0,0,0,0,0,1,0,1,0,0,0,253,0,15,0,0,0,47,1011,-48,0,1,0,0,
2,96,0,4170,20,10,7,0,0,3,29,0,3733.359619,12650.193359,196,0,0,3,0,0,32768,0,0,0,0,0,0,0,4,0,0,0,0,0,1,0,1,0,0,0,254,0,14,0,0,0,35,1015,70,0,1,0,0,
2,96,0,4179,20,10,7,0,0,3,30,0,3733.357910,12650.192383,198,0,0,5,0,0,32768,0,0,0,0,0,0,0,4,0,0,0,0,0,1,0,1,0,0,0,0,0,15,0,0,0,15,996,2,0,1,0,0,
2,96,0,4189,20,10,7,0,0,3,32,0,3733.356201,12650.191406,198,0,0,1,0,0,32768,0,0,0,0,0,0,0,4,0,0,0,0,0,1,0,1,0,0,0,2,0,16,0,0,0,-60,983,12,0,1,0,0,
2,96,0,4197,20,10,7,0,0,3,32,0,3733.354492,12650.191406,190,0,0,0,0,0,32768,0,0,0,0,0,0,0,4,0,0,0,0,0,1,0,1,0,0,0,1,0,16,0,0,0,-137,977,-46,0,1,0,0,
2,96,0,4206,20,10,7,0,0,3,33,0,3733.352783,12650.190430,203,0,0,0,0,0,32768,0,0,0,0,0,0,0,4,0,0,0,0,0,1,0,1,0,0,0,1,0,17,0,0,0,-169,1035,-26,0,1,0,0,
2,96,0,4225,20,10,7,0,0,3,36,0,3733.351074,12650.188477,254,0,0,2,0,0,32768,0,0,0,0,0,0,0,4,0,0,0,0,0,1,0,1,0,0,0,5,0,22,0,0,0,87,1032,51,0,1,0,0,
2,96,0,4225,20,10,7,0,0,3,36,0,3733.351074,12650.188477,254,0,0,2,0,0,32768,0,0,0,0,0,0,0,4,0,0,0,0,0,1,0,1,0,0,0,5,0,22,0,0,0,87,1032,51,0,1,0,0,
2,96,0,4234,20,10,7,0,0,3,37,0,3733.351318,12650.185547,273,0,0,3,0,1,32768,0,57,0,0,0,0,0,4,0,0,0,0,0,1,0,1,0,0,0,5,0,24,0,0,0,43,1005,11,0,1,0,0,
2,96,0,4242,20,10,7,0,0,3,37,0,3733.351563,12650.181641,275,0,0,3,0,1,32768,0,51,0,0,0,0,0,4,0,0,0,0,0,1,0,1,0,0,0,3,0,25,0,0,0,57,1020,-25,0,1,0,0,
2,96,0,4252,20,10,7,0,0,3,38,0,3733.352051,12650.178711,277,0,0,3,0,1,32768,0,58,0,0,0,0,0,4,0,0,0,0,0,1,0,1,0,0,0,1,0,25,0,0,0,37,1083,-74,0,1,0,0,
2,96,0,4270,20,10,7,0,0,3,40,0,3733.353516,12650.169922,277,0,0,3,0,1,32768,0,0,0,0,0,0,0,4,0,0,0,0,0,1,0,1,0,0,0,0,0,25,0,0,0,50,1010,-14,0,1,0,0,
2,96,0,4270,20,10,7,0,0,3,40,0,3733.353516,12650.169922,277,0,0,3,0,1,32768,0,0,0,0,0,0,0,4,0,0,0,0,0,1,0,1,0,0,0,0,0,25,0,0,0,50,1010,-14,0,1,0,0,
2,96,0,4279,20,10,7,0,0,3,41,0,3733.354004,12650.166016,277,0,0,3,0,0,32768,0,0,0,0,0,0,0,4,0,0,0,0,0,1,0,1,0,0,0,0,0,25,0,0,0,75,1010,24,0,1,0,0,
2,96,0,4287,20,10,7,0,0,3,42,0,3733.354248,12650.161133,276,0,0,3,0,1,32768,0,0,0,0,0,0,0,4,0,0,0,0,0,1,0,1,0,0,0,1,0,26,0,0,0,64,1014,41,0,1,0,0,
2,96,0,4298,20,10,7,0,0,3,44,0,3733.354736,12650.157227,279,0,0,3,0,0,32768,0,0,0,0,0,0,0,4,0,0,0,0,0,1,0,1,0,0,0,4,0,29,0,0,0,66,1015,24,0,1,0,0,
2,96,0,4307,20,10,7,0,0,3,44,0,3733.355469,12650.152344,278,0,0,3,0,0,32768,0,116,0,0,0,0,0,4,0,0,0,0,0,1,0,1,0,0,0,4,0,30,0,0,0,74,1013,-27,0,1,0,0,
2,96,0,4316,20,10,7,0,0,3,46,0,3733.355713,12650.148438,281,0,0,1,0,1,32768,0,27,0,0,0,0,0,4,0,0,0,0,0,1,0,1,0,0,0,1,0,30,0,0,0,93,1248,-341,0,1,0,0,
2,96,0,4324,20,10,7,0,0,3,46,0,3733.355957,12650.142578,280,0,0,1,0,1,32768,0,0,0,0,0,0,0,4,0,0,0,0,0,1,0,1,0,0,0,0,0,30,0,0,0,27,971,-6,0,1,0,0,
2,96,0,4342,20,10,7,0,0,3,48,0,3733.356201,12650.131836,275,0,0,3,0,0,32768,0,0,0,0,0,0,0,4,0,0,0,0,0,1,0,1,0,0,0,254,0,28,0,0,0,74,1022,-51,0,1,0,0,
2,96,0,4342,20,10,7,0,0,3,48,0,3733.356201,12650.131836,275,0,0,3,0,0,32768,0,0,0,0,0,0,0,4,0,0,0,0,0,1,0,1,0,0,0,254,0,28,0,0,0,74,1022,-51,0,1,0,0,
2,96,0,4452,20,10,7,0,0,4,0,0,3733.371338,12650.099609,7,0,0,3,0,0,32768,0,0,0,0,0,0,0,4,0,0,0,0,0,1,2,1,0,0,0,255,0,23,0,0,0,77,1017,-98,0,1,0,0,
2,96,0,4460,20,10,7,0,0,4,1,0,3733.374512,12650.099609,8,0,0,3,0,0,32768,0,0,0,0,0,0,0,4,0,0,0,0,0,1,2,1,0,0,0,250,0,20,0,0,0,63,1004,-83,0,1,0,0,
2,96,0,4471,20,10,7,0,0,4,3,0,3733.377441,12650.100586,10,0,0,3,0,0,32768,0,0,0,0,0,0,0,4,0,0,0,0,0,1,2,1,0,0,0,250,0,17,0,0,0,65,1012,-64,0,1,0,0,
2,96,0,4480,20,10,7,0,0,4,4,0,3733.379883,12650.101563,7,0,0,3,0,0,32768,0,0,0,0,0,0,0,4,0,0,0,0,0,1,2,1,0,0,0,251,0,15,0,0,0,73,1001,-49,0,1,0,0,
2,96,0,4488,20,10,7,0,0,4,4,0,3733.382080,12650.101563,7,0,0,3,0,0,32768,0,0,0,0,0,0,0,4,0,0,0,0,0,1,2,1,0,0,0,253,0,14,0,0,0,118,1012,-48,0,1,0,0,
2,96,0,4498,20,10,7,0,0,4,6,0,3733.384277,12650.101563,7,0,0,3,0,0,32768,0,0,0,0,0,0,0,4,0,0,0,0,0,1,2,1,0,0,0,254,0,13,0,0,0,158,1015,-57,0,1,0,0,
2,96,0,4507,20,10,7,0,0,4,7,0,3733.385986,12650.102539,5,0,0,0,0,0,32768,0,0,0,0,0,0,0,4,0,0,0,0,0,1,2,1,0,0,0,253,0,11,0,0,0,132,1021,-63,0,1,0,0,
2,96,0,4516,20,10,7,0,0,4,8,0,3733.387695,12650.102539,5,0,0,0,0,0,32768,0,0,0,0,0,0,0,4,0,0,0,0,0,1,3,1,0,0,0,253,0,10,0,0,0,12,1011,-170,0,1,0,0,
2,96,0,4524,20,10,7,0,0,4,8,0,3733.388916,12650.101563,5,0,0,0,0,0,32768,0,0,0,0,0,0,0,4,0,0,0,0,0,1,3,1,0,0,0,250,0,5,0,0,0,13,1012,-103,0,1,0,0,
2,96,0,4534,20,10,7,0,0,4,10,0,3733.389893,12650.100586,322,0,0,0,0,1,32768,0,9,0,0,0,0,0,4,0,0,0,0,0,1,3,1,0,0,0,246,0,0,0,0,0,44,1009,-19,0,1,0,0,
2,96,0,4543,20,10,7,0,0,4,11,0,3733.390381,12650.100586,322,0,0,0,0,0,32768,0,10,0,0,0,0,0,4,0,0,0,0,0,1,3,1,0,0,0,251,0,0,0,0,0,26,1016,-13,0,1,0,0,
2,96,0,4552,20,10,7,0,0,4,12,0,3733.390381,12650.100586,322,0,0,0,0,0,32768,0,10,0,0,0,0,0,4,0,0,0,0,0,1,3,1,0,0,0,0,0,0,0,0,0,36,1014,-8,0,1,0,0,
2,96,0,4561,20,10,7,0,0,4,13,0,3733.390381,12650.100586,322,0,0,0,0,0,32768,0,11,0,0,0,0,0,4,0,0,0,0,0,1,3,1,0,0,0,0,0,0,0,0,0,41,1010,-12,0,1,0,0,
2,96,0,4570,20,10,7,0,0,4,13,0,3733.390381,12650.100586,322,0,0,0,0,0,32768,0,11,0,0,0,0,0,4,0,0,0,0,0,1,3,1,0,0,0,0,0,0,0,0,0,34,1014,-12,0,1,0,0,
2,96,0,4578,20,10,7,0,0,4,14,0,3733.390381,12650.100586,322,0,0,0,0,0,32768,0,10,0,0,0,0,0,5,0,0,0,0,0,1,3,1,0,0,0,0,0,0,0,0,0,34,1014,-12,0,1,0,0,
2,96,0,4589,20,10,7,0,0,4,16,0,3733.390381,12650.100586,322,0,0,0,0,0,32768,0,10,0,0,0,0,0,5,0,0,0,0,0,1,3,1,0,0,0,0,0,0,0,0,0,35,1014,-11,0,1,0,0,
2,96,0,4598,20,10,7,0,0,4,17,0,3733.390381,12650.100586,322,0,0,0,0,0,32768,0,11,0,0,0,0,0,5,0,0,0,0,0,1,3,1,0,0,0,0,0,0,0,0,0,60,1021,116,0,1,0,0,
2,96,0,4606,20,10,7,0,0,4,18,0,3733.390381,12650.100586,322,0,0,0,0,0,32768,0,10,0,0,0,0,0,5,0,0,0,0,0,1,3,1,0,0,0,2,0,0,0,0,0,57,1015,9,0,1,0,0,
2,96,0,4616,20,10,7,0,0,4,19,0,3733.390381,12650.100586,322,0,0,0,0,1,32768,0,0,0,0,0,0,0,5,0,0,0,0,0,1,3,1,0,0,0,4,0,4,0,0,0,38,1014,-40,0,1,0,0,
2,96,0,4625,20,10,7,0,0,4,20,0,3733.390381,12650.100586,322,0,0,0,0,0,32768,0,0,0,0,0,0,0,5,0,0,0,0,0,1,3,1,0,0,0,3,0,5,0,0,0,50,1011,0,0,1,0,0,
2,96,0,4635,20,10,7,0,0,4,21,0,3733.390381,12650.100586,322,0,0,2,0,0,32768,0,0,0,0,0,0,0,5,0,0,0,0,0,1,3,1,0,0,0,1,0,5,0,0,0,185,988,-29,0,1,0,0,
2,96,0,4643,20,10,7,0,0,4,22,0,3733.390381,12650.100586,322,0,0,0,0,0,32768,0,0,0,0,0,0,0,5,0,0,0,0,0,1,3,1,0,0,0,254,0,3,0,0,0,88,1020,55,0,1,0,0,
2,96,0,4651,20,10,7,0,0,4,22,0,3733.390869,12650.097656,271,0,0,0,0,1,32768,0,4,0,0,0,0,0,5,0,0,0,0,0,1,2,1,0,0,0,0,0,5,0,0,0,12,1021,50,0,1,0,0,
2,96,0,4660,20,10,7,0,0,4,23,0,3733.390869,12650.097656,268,0,0,1,0,1,32768,0,5,0,0,0,0,0,5,0,0,0,0,0,1,2,1,0,0,0,2,0,5,0,0,0,5,984,21,0,1,0,0,
2,96,0,4670,20,10,7,0,0,4,25,0,3733.390869,12650.096680,279,0,0,3,0,1,32768,0,6,0,0,0,0,0,5,0,0,0,0,0,1,0,1,0,0,0,0,0,5,0,0,0,80,957,21,0,1,0,0,
2,96,0,4679,20,10,7,0,0,4,25,0,3733.390869,12650.095703,276,0,0,3,0,1,32768,0,6,0,0,0,0,0,5,0,0,0,0,0,1,0,1,0,0,0,0,0,5,0,0,0,40,1010,46,0,1,0,0,
2,96,0,4688,20,10,7,0,0,4,26,0,3733.390869,12650.095703,278,0,0,1,0,1,32768,0,5,0,0,0,0,0,5,0,0,0,0,0,1,0,1,0,0,0,1,0,5,0,0,0,53,998,154,0,1,0,0,
2,96,0,4698,20,10,7,0,0,4,28,0,3733.390869,12650.094727,282,0,0,0,0,1,32768,0,6,0,0,0,0,0,5,0,0,0,0,0,1,0,1,0,0,0,1,0,6,0,0,0,1,1019,-13,0,1,0,0,
2,96,0,4707,20,10,7,0,0,4,29,0,3733.390869,12650.094727,277,0,0,0,0,1,32768,0,10,0,0,0,0,0,5,0,0,0,0,0,1,0,1,0,0,0,1,0,6,0,0,0,6,1006,-3,0,1,0,0,
2,96,0,4715,20,10,7,0,0,4,30,0,3733.390869,12650.093750,276,0,0,0,0,1,32768,0,11,0,0,0,0,0,5,0,0,0,0,0,1,0,1,0,0,0,255,0,5,0,0,0,33,1024,24,0,1,0,0,
2,96,0,4724,20,10,7,0,0,4,30,0,3733.390625,12650.092773,277,0,0,0,0,1,32768,0,13,0,0,0,0,0,5,0,0,0,0,0,1,0,1,0,0,0,255,0,5,0,0,0,53,1015,-10,0,1,0,0,
2,96,0,4733,20,10,7,0,0,4,31,0,3733.390625,12650.091797,278,0,0,0,0,1,32768,0,18,0,0,0,0,0,5,0,0,0,0,0,1,0,1,0,0,0,1,0,6,0,0,0,36,1008,6,0,1,0,0,
2,96,0,4743,20,10,7,0,0,4,32,0,3733.390625,12650.090820,274,0,0,0,0,0,32768,0,21,0,0,0,0,0,5,0,0,0,0,0,1,0,1,0,0,0,1,0,6,0,0,0,116,1021,-22,0,1,0,0,
2,96,0,4751,20,10,7,0,0,4,33,0,3733.390869,12650.089844,278,0,0,0,0,0,32768,0,24,0,0,0,0,0,5,0,0,0,0,0,1,0,1,0,0,0,1,0,7,0,0,0,49,1073,-16,0,1,0,0,
2,96,0,4761,20,10,7,0,0,4,34,0,3733.390869,12650.088867,275,0,0,0,0,0,32768,0,27,0,0,0,0,0,5,0,0,0,0,0,1,0,1,0,0,0,3,0,9,0,0,0,96,959,56,0,1,0,0,
2,96,0,4780,20,10,7,0,0,4,37,0,3733.391113,12650.085938,273,0,0,0,0,1,32768,0,23,0,0,0,0,0,5,0,0,0,0,0,1,0,1,0,0,0,3,0,12,0,0,0,90,960,66,0,1,0,0,
2,96,0,4780,20,10,7,0,0,4,37,0,3733.391113,12650.085938,273,0,0,0,0,1,32768,0,23,0,0,0,0,0,5,0,0,0,0,0,1,0,1,0,0,0,3,0,12,0,0,0,90,960,66,0,1,0,0,
2,96,0,4789,20,10,7,0,0,4,38,0,3733.391113,12650.083984,274,0,0,0,0,1,32768,0,21,0,0,0,0,0,5,0,0,0,0,0,1,0,1,0,0,0,2,0,13,0,0,0,147,1042,0,0,1,0,0,
2,96,0,4807,20,10,7,0,0,4,40,0,3733.390869,12650.080078,274,0,0,0,0,1,32768,0,22,0,0,0,0,0,5,0,0,0,0,0,1,0,1,0,0,0,0,0,13,0,0,0,129,1027,-10,0,1,0,0,
2,96,0,4807,20,10,7,0,0,4,40,0,3733.390869,12650.080078,274,0,0,0,0,1,32768,0,22,0,0,0,0,0,5,0,0,0,0,0,1,0,1,0,0,0,0,0,13,0,0,0,129,1027,-10,0,1,0,0,
2,96,0,4816,20,10,7,0,0,4,40,0,3733.390869,12650.078125,275,0,0,0,0,1,32768,0,23,0,0,0,0,0,5,0,0,0,0,0,1,0,1,0,0,0,1,0,14,0,0,0,-90,1004,-10,0,1,0,0,
2,96,0,4825,20,10,7,0,0,4,41,0,3733.391113,12650.076172,278,0,0,0,0,1,32768,0,24,0,0,0,0,0,5,0,0,0,0,0,1,0,1,0,0,0,2,0,15,0,0,0,-30,942,70,0,1,0,0,
2,96,0,4834,20,10,7,0,0,4,43,0,3733.391113,12650.073242,278,0,0,0,0,1,32768,0,23,0,0,0,0,0,5,0,0,0,0,0,1,0,1,0,0,0,1,0,15,0,0,0,15,1006,-2,0,1,0,0,
2,96,0,4852,20,10,7,0,0,4,45,0,3733.391602,12650.068359,273,0,0,0,0,1,32768,0,19,0,0,0,0,0,5,0,0,0,0,0,1,0,1,0,0,0,0,0,15,0,0,0,123,1067,-94,0,1,0,0,
2,96,0,4861,20,10,7,0,0,4,45,0,3733.391602,12650.066406,272,0,0,0,0,1,32768,0,30,0,0,0,0,0,5,0,0,0,0,0,1,0,1,0,0,0,0,0,15,0,0,0,-56,990,-68,0,1,0,0,
2,96,0,4861,20,10,7,0,0,4,45,0,3733.391602,12650.066406,272,0,0,0,0,1,32768,0,30,0,0,0,0,0,5,0,0,0,0,0,1,0,1,0,0,0,0,0,15,0,0,0,-56,990,-68,0,1,0,0,
2,96,0,4880,20,10,7,0,0,4,48,0,3733.391846,12650.061523,274,0,0,0,0,1,32768,0,24,0,0,0,0,0,5,0,0,0,0,0,1,0,1,0,0,0,0,0,15,0,0,0,110,1028,-47,0,1,0,0,
2,96,0,4887,20,10,7,0,0,4,48,0,3733.392090,12650.058594,278,0,0,0,0,1,32768,0,22,0,0,0,0,0,5,0,0,0,0,0,1,0,1,0,0,0,1,0,16,0,0,0,-85,1003,-75,0,1,0,0,
2,96,0,4887,20,10,7,0,0,4,48,0,3733.392090,12650.058594,278,0,0,0,0,1,32768,0,22,0,0,0,0,0,5,0,0,0,0,0,1,0,1,0,0,0,1,0,16,0,0,0,-85,1003,-75,0,1,0,0,
2,96,0,4907,20,10,7,0,0,4,51,0,3733.392822,12650.053711,279,0,0,0,0,1,32768,0,13,0,0,0,0,0,5,0,0,0,0,0,1,0,1,0,0,0,253,0,13,0,0,0,117,1036,-90,0,1,0,0,
2,96,0,4916,20,10,7,0,0,4,52,0,3733.393066,12650.051758,277,0,0,0,0,1,32768,0,9,0,0,0,0,0,5,0,0,0,0,0,1,1,1,0,0,0,254,0,12,0,0,0,94,909,-163,0,1,0,0,
2,96,0,4924,20,10,7,0,0,4,52,0,3733.393311,12650.049805,275,0,0,0,0,1,32768,0,7,0,0,0,0,0,5,0,0,0,0,0,1,1,1,0,0,0,249,0,6,0,0,0,26,1010,-151,0,1,0,0,
2,96,0,4934,20,10,7,0,0,4,53,0,3733.393311,12650.047852,274,0,0,0,0,1,32768,0,7,0,0,0,0,0,5,0,0,0,0,0,1,1,1,0,0,0,244,0,0,0,0,0,20,1005,-19,0,1,0,0,
2,96,0,4943,20,10,7,0,0,4,54,0,3733.393311,12650.046875,274,0,0,0,0,1,32768,0,7,0,0,0,0,0,5,0,0,0,0,0,1,1,1,0,0,0,250,0,0,0,0,0,21,1014,-18,0,1,0,0,
2,96,0,4951,20,10,7,0,0,4,55,0,3733.393311,12650.046875,274,0,0,1,0,0,32768,0,7,0,0,0,0,0,5,0,0,0,0,0,1,1,1,0,0,0,0,0,0,0,0,0,21,1012,-17,0,1,0,0,
2,96,0,4962,20,10,7,0,0,4,57,0,3733.393311,12650.046875,274,0,0,0,0,0,32768,0,6,0,0,0,0,0,5,0,0,0,0,0,1,1,1,0,0,0,0,0,0,0,0,0,20,1015,-18,0,1,0,0,
2,96,0,4970,20,10,7,0,0,4,58,0,3733.393311,12650.046875,274,0,0,0,0,0,32768,0,5,0,0,0,0,0,5,0,0,0,0,0,1,1,1,0,0,0,0,0,0,0,0,0,22,1013,-17,0,1,0,0,
2,96,0,4979,20,10,7,0,0,4,59,0,3733.393311,12650.046875,274,0,0,1,0,0,32768,0,4,0,0,0,0,0,5,0,0,0,0,0,1,1,1,0,0,0,0,0,0,0,0,0,24,1013,-15,0,1,0,0,
2,96,0,4987,20,10,7,0,0,4,59,0,3733.393311,12650.046875,274,0,0,0,0,0,32768,0,4,0,0,0,0,0,5,0,0,0,0,0,1,1,1,0,0,0,0,0,0,0,0,0,19,1014,-16,0,1,0,0,
2,96,0,4997,20,10,7,0,0,5,0,0,3733.393311,12650.046875,274,0,0,1,0,0,32768,0,0,0,0,0,0,0,5,0,0,0,0,0,1,1,1,0,0,0,0,0,0,0,0,0,23,1013,-18,0,1,0,0,
2,96,0,5006,20,10,7,0,0,5,1,0,3733.393311,12650.046875,274,0,0,1,0,0,32768,0,0,0,0,0,0,0,5,0,0,0,0,0,1,1,1,0,0,0,0,0,0,0,0,0,22,1014,-17,0,1,0,0,
2,96,0,5016,20,10,7,0,0,5,2,0,3733.393311,12650.046875,274,0,0,5,0,0,32768,0,0,0,0,0,0,0,5,0,0,0,0,0,1,1,1,0,0,0,0,0,0,0,0,0,22,1014,-15,0,1,0,0,
2,96,0,5023,20,10,7,0,0,5,3,0,3733.393311,12650.046875,274,0,0,0,0,0,32768,0,0,0,0,0,0,0,5,0,0,0,0,0,1,1,1,0,0,0,0,0,0,0,0,0,15,1022,106,0,1,0,0,
2,96,0,5033,20,10,7,0,0,5,4,0,3733.393311,12650.046875,274,0,0,1,0,0,32768,0,0,0,0,0,0,0,5,0,0,0,0,0,1,1,1,0,0,0,5,0,4,0,0,0,6,1021,113,0,1,0,0,
2,96,0,5043,20,10,7,0,0,5,5,0,3733.393311,12650.046875,274,0,0,0,0,0,32768,0,0,0,0,0,0,0,5,0,0,0,0,0,1,0,1,0,0,0,10,0,10,0,0,0,20,1006,81,0,1,0,0,
2,96,0,5052,20,10,7,0,0,5,6,0,3733.393311,12650.046875,274,0,0,0,0,0,32768,0,0,0,0,0,0,0,5,0,0,0,0,0,1,0,1,0,0,0,7,0,12,0,0,0,149,1020,-47,0,1,0,0,
2,96,0,5060,20,10,7,0,0,5,7,0,3733.393311,12650.044922,275,0,0,0,0,0,32768,0,0,0,0,0,0,0,5,0,0,0,0,0,1,0,1,0,0,0,3,0,13,0,0,0,306,1092,-52,0,1,0,0,
2,96,0,5070,20,10,7,0,0,5,9,0,3733.393555,12650.042969,277,0,0,0,0,0,32768,0,0,0,0,0,0,0,5,0,0,0,0,0,1,0,1,0,0,0,2,0,14,0,0,0,31,1053,7,0,1,0,0,
2,96,0,5079,20,10,7,0,0,5,9,0,3733.393799,12650.041016,279,0,0,0,0,0,32768,0,0,0,0,0,0,0,5,0,0,0,0,0,1,0,1,0,0,0,1,0,14,0,0,0,31,1035,-1,0,1,0,0,
2,96,0,5089,20,10,7,0,0,5,11,0,3733.394043,12650.038086,279,0,0,0,0,0,32768,0,0,0,0,0,0,0,5,0,0,0,0,0,1,0,1,0,0,0,255,0,13,0,0,0,-129,1036,-52,0,1,0,0,
2,96,0,5097,20,10,7,0,0,5,12,0,3733.394287,12650.036133,279,0,0,0,0,1,32768,0,32,0,0,0,0,0,5,0,0,0,0,0,1,0,1,0,0,0,254,0,12,0,0,0,-140,965,-36,0,1,0,0,
2,96,0,5106,20,10,7,0,0,5,12,0,3733.394775,12650.034180,281,0,0,0,0,0,32768,0,0,0,0,0,0,0,5,0,0,0,0,0,1,0,1,0,0,0,254,0,11,0,0,0,-34,989,-18,0,1,0,0,
2,96,0,5117,20,10,7,0,0,5,14,0,3733.395264,12650.032227,294,0,0,2,0,0,32768,0,0,0,0,0,0,0,5,0,0,0,0,0,1,0,1,0,0,0,0,0,12,0,0,0,-101,982,7,0,1,0,0,
2,96,0,5125,20,10,7,0,0,5,14,0,3733.396240,12650.031250,318,0,0,0,0,0,32768,0,0,0,0,0,0,0,6,0,0,0,0,0,1,0,1,0,0,0,2,0,13,0,0,0,18,1062,15,0,1,0,0,
2,96,0,5133,20,10,7,0,0,5,15,0,3733.397705,12650.030273,340,0,0,0,0,0,32768,0,0,0,0,0,0,0,6,0,0,0,0,0,1,0,1,0,0,0,4,0,15,0,0,0,19,952,48,0,1,0,0,
2,96,0,5144,20,10,7,0,0,5,17,0,3733.399414,12650.029297,356,0,0,0,0,0,32768,0,0,0,0,0,0,0,6,0,0,0,0,0,1,0,1,0,0,0,4,0,17,0,0,0,115,995,33,0,1,0,0,
2,96,0,5153,20,10,7,0,0,5,18,0,3733.401367,12650.029297,356,0,0,0,0,0,32768,0,0,0,0,0,0,0,6,0,0,0,0,0,1,0,1,0,0,0,4,0,19,0,0,0,178,1043,4,0,1,0,0,
2,96,0,5162,20,10,7,0,0,5,19,0,3733.403564,12650.030273,8,0,0,0,0,0,32768,0,0,0,0,0,0,0,6,0,0,0,0,0,1,0,1,0,0,0,3,0,20,0,0,0,31,1057,-44,0,1,0,0,
2,96,0,5169,20,10,7,0,0,5,19,0,3733.406006,12650.030273,9,0,0,0,0,0,32768,0,0,0,0,0,0,0,6,0,0,0,0,0,1,0,1,0,0,0,1,0,20,0,0,0,32,989,-58,0,1,0,0,
2,96,0,5180,20,10,7,0,0,5,21,0,3733.408936,12650.031250,10,0,0,0,0,0,32768,0,0,0,0,0,0,0,6,0,0,0,0,0,1,0,1,0,0,0,255,0,19,0,0,0,41,964,-62,0,1,0,0,
2,96,0,5188,20,10,7,0,0,5,21,0,3733.411621,12650.031250,8,0,0,0,0,0,32768,0,0,0,0,0,0,0,6,0,0,0,0,0,1,0,1,0,0,0,253,0,17,0,0,0,21,1125,-85,0,1,0,0,
2,96,0,5198,20,10,7,0,0,5,23,0,3733.414307,12650.031250,4,0,0,0,0,0,32768,0,0,0,0,0,0,0,6,0,0,0,0,0,1,0,1,0,0,0,253,0,16,0,0,0,87,1044,-50,0,1,0,0,
2,96,0,5207,20,10,7,0,0,5,24,0,3733.416504,12650.032227,5,0,0,0,0,0,32768,0,0,0,0,0,0,0,6,0,0,0,0,0,1,0,1,0,0,0,255,0,16,0,0,0,134,949,-30,0,1,0,0,
2,96,0,5217,20,10,7,0,0,5,25,0,3733.418945,12650.032227,5,0,0,0,0,0,32768,0,0,0,0,0,0,0,6,0,0,0,0,0,1,0,1,0,0,0,0,0,16,0,0,0,-10,1045,17,0,1,0,0,
2,96,0,5225,20,10,7,0,0,5,26,0,3733.420898,12650.032227,6,0,0,0,0,0,32768,0,0,0,0,0,0,0,6,0,0,0,0,0,1,0,1,0,0,0,255,0,15,0,0,0,91,963,45,0,1,0,0,
2,96,0,5234,20,10,7,0,0,5,27,0,3733.423096,12650.032227,6,0,0,0,0,0,32768,0,0,0,0,0,0,0,6,0,0,0,0,0,1,0,1,0,0,0,254,0,14,0,0,0,50,1011,-31,0,1,0,0,
2,96,0,5243,20,10,7,0,0,5,28,0,3733.425049,12650.033203,6,0,0,0,0,1,32768,0,13,0,0,0,0,0,6,0,0,0,0,0,1,1,1,0,0,0,254,0,13,0,0,0,7,1007,-168,0,1,0,0,
2,96,0,5252,20,10,7,0,0,5,28,0,3733.426758,12650.033203,6,0,0,0,0,1,32768,0,12,0,0,0,0,0,6,0,0,0,0,0,1,1,1,0,0,0,251,0,9,0,0,0,89,997,-220,0,1,0,0,
2,96,0,5261,20,10,7,0,0,5,30,0,3733.428467,12650.033203,6,0,0,0,0,0,32768,0,12,0,0,0,0,0,6,0,0,0,0,0,1,1,1,0,0,0,245,0,3,0,0,0,67,1012,-84,0,1,0,0,
2,96,0,5270,20,10,7,0,0,5,31,0,3733.429443,12650.033203,6,0,0,0,0,0,32768,0,13,0,0,0,0,0,6,0,0,0,0,0,1,7,1,0,0,0,250,0,2,0,0,0,55,1007,-90,0,1,0,0,
2,96,0,5279,20,10,7,0,0,5,31,0,3733.429932,12650.034180,6,0,0,0,0,0,32768,0,13,0,0,0,0,0,6,0,0,0,0,0,1,7,1,0,0,0,2,0,5,0,0,0,56,1023,-83,0,1,0,0,
2,96,0,5287,20,10,7,0,0,5,32,0,3733.429932,12650.034180,6,0,0,0,0,0,32768,0,0,0,0,0,0,0,6,0,0,0,0,0,1,6,1,0,0,0,6,0,7,0,0,0,70,1013,-15,0,1,0,0,
2,96,0,5298,20,10,7,0,0,5,34,0,3733.429932,12650.034180,6,0,0,0,0,0,32768,0,0,0,0,0,0,0,6,0,0,0,0,0,1,7,1,0,0,0,3,0,8,0,0,0,112,1002,48,0,1,0,0,
2,96,0,5306,20,10,7,0,0,5,34,0,3733.429688,12650.034180,6,0,0,0,0,0,32768,0,0,0,0,0,0,0,6,0,0,0,0,0,1,7,1,0,0,0,255,0,6,0,0,0,55,1009,2,0,1,0,0,
2,96,0,5315,20,10,7,0,0,5,35,0,3733.427490,12650.033203,190,0,0,0,0,0,32768,0,0,0,0,0,0,0,6,0,0,0,0,0,1,7,1,0,0,0,253,0,5,0,0,0,57,1016,-24,0,1,0,0,
2,96,0,5325,20,10,7,0,0,5,37,0,3733.427002,12650.033203,190,0,0,2,0,0,32768,0,0,0,0,0,0,0,6,0,0,0,0,0,1,7,1,0,0,0,255,0,5,0,0,0,46,1014,-13,0,1,0,0,
2,96,0,5342,20,10,7,0,0,5,38,0,3733.426270,12650.033203,190,0,0,0,0,0,32768,0,0,0,0,0,0,0,6,0,0,0,0,0,1,7,1,0,0,0,0,0,5,0,0,0,-12,1011,37,0,1,0,0,
2,96,0,5342,20,10,7,0,0,5,38,0,3733.426270,12650.033203,190,0,0,0,0,0,32768,0,0,0,0,0,0,0,6,0,0,0,0,0,1,7,1,0,0,0,0,0,5,0,0,0,-12,1011,37,0,1,0,0,
2,96,0,5361,20,10,7,0,0,5,40,0,3733.425781,12650.034180,190,0,0,0,0,0,32768,0,0,0,0,0,0,0,6,0,0,0,0,0,1,7,1,0,0,0,253,0,2,0,0,0,33,1015,85,0,1,0,0,
2,96,0,5361,20,10,7,0,0,5,40,0,3733.425781,12650.034180,190,0,0,0,0,0,32768,0,0,0,0,0,0,0,6,0,0,0,0,0,1,7,1,0,0,0,253,0,2,0,0,0,33,1015,85,0,1,0,0,
2,96,0,5379,20,10,7,0,0,5,42,0,3733.425293,12650.035156,190,0,0,0,0,0,32768,0,0,0,0,0,0,0,6,0,0,0,0,0,1,7,1,0,0,0,3,0,5,0,0,0,105,1007,-33,0,1,0,0,
2,96,0,5389,20,10,7,0,0,5,44,0,3733.425293,12650.035156,190,0,0,0,0,0,32768,0,0,0,0,0,0,0,6,0,0,0,0,0,1,7,1,0,0,0,7,0,7,0,0,0,-41,1026,-125,0,1,0,0,
2,96,0,5396,20,10,7,0,0,5,44,0,3733.424805,12650.034180,190,0,0,0,0,0,32768,0,0,0,0,0,0,0,6,0,0,0,0,0,1,7,1,0,0,0,255,0,4,0,0,0,21,1008,-98,0,1,0,0,
2,96,0,5406,20,10,7,0,0,5,45,0,3733.425293,12650.035156,190,0,0,0,0,0,32768,0,0,0,0,0,0,0,6,0,0,0,0,0,1,7,1,0,0,0,249,0,0,0,0,0,53,1027,-78,0,1,0,0,
2,96,0,5416,20,10,7,0,0,5,47,0,3733.424072,12650.033203,190,0,0,2,0,1,32768,0,4,0,0,0,0,0,6,0,0,0,0,0,1,7,1,0,0,0,1,0,4,0,0,0,-62,1012,-30,0,1,0,0,
2,96,0,5424,20,10,7,0,0,5,48,0,3733.424072,12650.033203,190,0,0,0,0,0,32768,0,5,0,0,0,0,0,6,0,0,0,0,0,1,7,1,0,0,0,6,0,6,0,0,0,-3,994,48,0,1,0,0,
2,96,0,5433,20,10,7,0,0,5,48,0,3733.423828,12650.034180,190,0,0,0,0,0,32768,0,6,0,0,0,0,0,6,0,0,0,0,0,1,7,1,0,0,0,0,0,4,0,0,0,30,1022,118,0,1,0,0,
2,96,0,5442,20,10,7,0,0,5,49,0,3733.425293,12650.035156,190,0,0,0,0,0,32768,0,5,0,0,0,0,0,6,0,0,0,0,0,1,7,1,0,0,0,251,0,0,0,0,0,114,1006,98,0,1,0,0,
2,96,0,5453,20,10,7,0,0,5,51,0,3733.424316,12650.035156,190,0,0,0,0,0,32768,0,0,0,0,0,0,0,6,0,0,0,0,0,1,6,1,0,0,0,5,0,8,0,0,0,46,984,72,0,1,0,0,
2,96,0,5462,20,10,7,0,0,5,52,0,3733.424072,12650.035156,190,0,0,0,0,0,32768,0,0,0,0,0,0,0,6,0,0,0,0,0,1,6,1,0,0,0,11,0,12,0,0,0,9,1024,89,0,1,0,0,
2,96,0,5471,20,10,7,0,0,5,53,0,3733.423096,12650.035156,194,0,0,0,0,0,32768,0,0,0,0,0,0,0,6,0,0,0,0,0,1,6,1,0,0,0,8,0,16,0,0,0,142,937,87,0,1,0,0,
2,96,0,5479,20,10,7,0,0,5,53,0,3733.421875,12650.034180,183,0,0,0,0,0,32768,0,0,0,0,0,0,0,6,0,0,0,0,0,1,6,1,0,0,0,6,0,18,0,0,0,14,978,56,0,1,0,0,
2,96,0,5488,20,10,7,0,0,5,54,0,3733.419922,12650.034180,182,0,0,0,0,0,32768,0,0,0,0,0,0,0,6,0,0,0,0,0,1,6,1,0,0,0,5,0,21,0,0,0,28,1025,-22,0,1,0,0,
2,96,0,5497,20,10,7,0,0,5,55,0,3733.417480,12650.034180,184,0,0,0,0,0,32768,0,0,0,0,0,0,0,6,0,0,0,0,0,1,6,1,0,0,0,4,0,22,0,0,0,36,1026,-21,0,1,0,0,
2,96,0,5507,20,10,7,0,0,5,57,0,3733.414795,12650.034180,185,0,0,0,0,0,32768,0,0,0,0,0,0,0,6,0,0,0,0,0,1,6,1,0,0,0,1,0,22,0,0,0,36,953,-97,0,1,0,0,
2,96,0,5515,20,10,7,0,0,5,58,0,3733.412109,12650.033203,185,0,0,0,0,0,32768,0,0,0,0,0,0,0,6,0,0,0,0,0,1,6,1,0,0,0,254,0,20,0,0,0,95,1075,-163,0,1,0,0,
2,96,0,5524,20,10,7,0,0,5,58,0,3733.409180,12650.033203,186,0,0,0,0,0,32768,0,0,0,0,0,0,0,6,0,0,0,0,0,1,7,1,0,0,0,251,0,17,0,0,0,30,922,-99,0,1,0,0,
2,96,0,5534,20,10,7,0,0,6,0,0,3733.406494,12650.032227,186,0,0,0,0,0,32768,0,0,0,0,0,0,0,6,0,0,0,0,0,1,7,1,0,0,0,247,0,12,0,0,0,59,989,-114,0,1,0,0,
2,96,0,5543,20,10,7,0,0,6,1,0,3733.404541,12650.032227,187,0,0,0,0,0,32768,0,0,0,0,0,0,0,6,0,0,0,0,0,1,7,1,0,0,0,247,0,8,0,0,0,-57,1034,89,0,1,0,0,
2,96,0,5552,20,10,7,0,0,6,2,0,3733.403076,12650.032227,187,0,0,0,0,0,32768,0,0,0,0,0,0,0,6,0,0,0,0,0,1,7,1,0,0,0,253,0,8,0,0,0,90,1000,75,0,1,0,0,
2,96,0,5562,20,10,7,0,0,6,3,0,3733.401855,12650.032227,187,0,0,0,0,0,32768,0,0,0,0,0,0,0,6,0,0,0,0,0,1,6,1,0,0,0,4,0,12,0,0,0,127,1046,-25,0,1,0,0,
2,96,0,5570,20,10,7,0,0,6,3,0,3733.400879,12650.031250,187,0,0,0,0,0,32768,0,0,0,0,0,0,0,6,0,0,0,0,0,1,6,1,0,0,0,5,0,13,0,0,0,37,1056,-22,0,1,0,0,
2,96,0,5580,20,10,7,0,0,6,5,0,3733.399414,12650.031250,188,0,0,0,0,0,32768,0,0,0,0,0,0,0,6,0,0,0,0,0,1,6,1,0,0,0,1,0,13,0,0,0,48,1064,-32,0,1,0,0,
2,96,0,5588,20,10,7,0,0,6,5,0,3733.397705,12650.031250,188,0,0,0,0,0,32768,0,0,0,0,0,0,0,6,0,0,0,0,0,1,6,1,0,0,0,0,0,13,0,0,0,15,1065,-42,0,1,0,0,
2,96,0,5598,20,10,7,0,0,6,7,0,3733.395996,12650.031250,190,0,0,0,0,0,32768,0,0,0,0,0,0,0,6,0,0,0,0,0,1,6,1,0,0,0,0,0,13,0,0,0,-19,1060,-50,0,1,0,0,
2,96,0,5606,20,10,7,0,0,6,7,0,3733.394287,12650.030273,191,0,0,0,0,0,32768,0,0,0,0,0,0,0,6,0,0,0,0,0,1,6,1,0,0,0,1,0,14,0,0,0,41,1085,-28,0,1,0,0,
2,96,0,5616,20,10,7,0,0,6,9,0,3733.392578,12650.029297,197,0,0,0,0,0,32768,0,0,0,0,0,0,0,6,0,0,0,0,0,1,6,1,0,0,0,1,0,14,0,0,0,308,1079,-61,0,1,0,0,
2,96,0,5626,20,10,7,0,0,6,10,0,3733.390869,12650.029297,204,0,0,0,0,0,32768,0,0,0,0,0,0,0,6,0,0,0,0,0,1,6,1,0,0,0,0,0,14,0,0,0,222,985,-51,0,1,0,0,
2,96,0,5633,20,10,7,0,0,6,10,0,3733.388916,12650.027344,208,0,0,0,0,0,32768,0,0,0,0,0,0,0,6,0,0,0,0,0,1,6,1,0,0,0,0,0,14,0,0,0,209,923,-24,0,1,0,0,
2,96,0,5642,20,10,7,0,0,6,11,0,3733.387207,12650.026367,202,0,0,0,0,0,32768,0,0,0,0,0,0,0,6,0,0,0,0,0,1,6,1,0,0,0,255,0,13,0,0,0,110,983,-82,0,1,0,0,
